Duration (in seconds),Finished,Response ID,How old are you?,What's your gender?,How plausible is this study to you?,Would this study replicate?,How confident are you about your decision?,Have you heard of this study before?,source
102,TRUE,R_2AFtEPkA411Z2Is,35,Female,68.9,Yes,66.76,No,AMTurk
18,TRUE,R_2ClC75VmDXB0MwV,24,Male,56.7,Yes,55.23,No,AMTurk
52,TRUE,R_RqsGSIX8eEQJjMJ,30,Female,39.95,No,76.54,No,AMTurk
164,TRUE,R_1dMryFi3gz0b2is,54,Female,81.23,Yes,81.23,No,AMTurk
27,TRUE,R_w1TTeDF8CW7PCMx,35,Male,85.03,Yes,71.34,No,AMTurk
24,TRUE,R_3gOxBS0SHIvk5rX,43,Female,72.92,Yes,70.83,No,AMTurk
25,TRUE,R_AKYzhuQSvioHO49,25,Male,57.37,Yes,55.76,Yes,AMTurk
27,TRUE,R_vc8cnW8XUMBrPjj,42,Female,52.41,Yes,52.14,No,AMTurk
69,TRUE,R_wZRY7rxgv4tOe2Z,21,Female,71.05,Yes,90.35,No,AMTurk
52,TRUE,R_3Gv34acoJAByIlT,31,Male,30.7,No,79.22,No,AMTurk
84,TRUE,R_1f8lVgCx8KVaO2c,27,Male,70.24,Yes,27.88,No,AMTurk
76,TRUE,R_1PdfoSA6iwv3ELD,29,Female,72.12,Yes,78.82,No,AMTurk
91,TRUE,R_10AcancfPbDJGqp,38,Male,80.83,Yes,95.17,No,AMTurk
76,TRUE,R_1hy68mCn7YXLdDB,35,Female,82.98,Yes,80.7,No,AMTurk
12,TRUE,R_2t4rVhyQ6bm7lz8,33,Male,62.33,Yes,61.8,No,AMTurk
91,TRUE,R_AdhWN7pwxHe4fLP,32,Male,50.67,No,14.75,No,AMTurk
22,TRUE,R_1YLALN8ET3x8k81,47,Male,70.47,Yes,75.17,No,AMTurk
94,TRUE,R_3ERpLcNCjYkFUJg,43,Male,59.52,Yes,59.12,No,AMTurk
64,TRUE,R_2odj26FfaDknTAR,35,Male,82.57,Yes,87.94,No,AMTurk
33,TRUE,R_3CZauluGnwXuAfq,40,Male,92.9,Yes,91.96,Yes,AMTurk
54,TRUE,R_2dj1IEAEeIL4Hpo,33,Female,76.51,Yes,54.09,Yes,AMTurk
66,TRUE,R_337mVnLewWkyGSU,33,Male,74.4,Yes,73.86,No,AMTurk
98,TRUE,R_2YlCckp348m61Sc,25,Male,61.8,Yes,57.51,Yes,AMTurk
56,TRUE,R_1f9gVu9tYl3pMGI,25,Male,97.59,Yes,87.8,No,AMTurk
118,TRUE,R_1fcMrVvVXHpQmLN,35,Male,75.2,Yes,80.16,No,AMTurk
122,TRUE,R_C8iDq2VZKXsdMvT,20,Female,92.09,Yes,59.25,No,AMTurk
27,TRUE,R_1NkPQXGrTfDZrE1,40,Male,47.05,Yes,54.16,Yes,AMTurk
101,TRUE,R_cwEt810AgcikZ21,45,Female,83.38,Yes,73.99,No,AMTurk
46,TRUE,R_A68jtV5eXFEt70t,27,Male,56.84,Yes,72.25,Yes,AMTurk
128,TRUE,R_2R4AnBqVqMXLWPV,50,Prefer not to answer,39.95,Yes,40.62,No,AMTurk
66,TRUE,R_UAMIvPYbAklB1WV,40,Male,93.7,Yes,90.21,Yes,AMTurk
59,TRUE,R_2tlKevxyfj8z0J5,34,Male,68.23,Yes,67.43,No,AMTurk
142,TRUE,R_QoIwFZ3GefyuCNH,36,Female,89.81,Yes,96,No,AMTurk
83,TRUE,R_22Vckn8mFiEakWv,35,Female,91.69,Yes,90.88,No,AMTurk
89,TRUE,R_25F8oxZDAVkdmmx,25,Female,81.77,Yes,82.57,No,AMTurk
115,TRUE,R_1BWQNhd444jqzKP,24,Male,90.35,Yes,90.35,No,AMTurk
48,TRUE,R_1g14sbSSTAyXUfR,28,Male,72.12,Yes,72.39,No,AMTurk
155,TRUE,R_NVHRiVUFZQoZCNz,26,Male,86.19,Yes,80.97,No,AMTurk
18,TRUE,R_1Qm670fWLx4Agf0,35,Male,54.02,No,48.26,No,AMTurk
131,TRUE,R_w0jLjwXQ9z37uBH,23,Male,8.04,No,30.03,No,AMTurk
140,TRUE,R_24iuX2PJoBoKiHx,30,Male,40.48,Yes,17.56,No,AMTurk
129,TRUE,R_27Ps548KwO4HCNG,58,Female,100,Yes,100,No,AMTurk
149,TRUE,R_qCryb1K4Y0CfWQ9,31,Female,71.72,Yes,11.66,No,AMTurk
149,TRUE,R_3fpD6qpsWFoFwmu,28,Female,60.41,No,75.57,No,AMTurk
168,TRUE,R_2bVOQMLM0AhQWOO,23,Male,86.06,Yes,81.9,No,AMTurk
178,TRUE,R_1mykFoNVFa0AuSh,61,Female,59.38,Yes,50,No,AMTurk
121,TRUE,R_DpfspSvmUC82Okx,29,Female,50.4,Yes,50,No,AMTurk
224,TRUE,R_b1QIpsKTNN9rX0J,29,Male,60.05,Yes,71.05,No,AMTurk
134,TRUE,R_UlPiKWkehn55Txf,41,Female,84.18,Yes,93.83,No,AMTurk
119,TRUE,R_3EMbOcPHOAXqWlj,25,Male,83.91,Yes,75.2,No,AMTurk
112,TRUE,R_2rwjbQsqvpEjEKB,53,Female,70.38,Yes,60.46,No,AMTurk
117,TRUE,R_1Q4yOGThbWj3Fdj,25,Male,74.13,Yes,83.24,Yes,AMTurk
31,TRUE,R_21mOcukNS93ZYKc,33,Female,76.54,Yes,50,No,AMTurk
109,TRUE,R_ZeiCE3bQacDljm9,50,Male,70.78,Yes,82.04,No,AMTurk
75,TRUE,R_1obwQxpvV7hPp87,43,Male,84.18,Yes,83.91,No,AMTurk
178,TRUE,R_3qeBVSyg6OBpC5S,37,Male,75.07,Yes,66.35,No,AMTurk
191,TRUE,R_20SzxGO4ll8JRoS,45,Female,86.86,Yes,60.05,No,AMTurk
57,TRUE,R_Yadzs9qkihzRmBX,27,Male,86.19,Yes,68.77,Yes,AMTurk
133,TRUE,R_3O83yV07kBuTnck,25,Male,84.85,Yes,76.81,Yes,AMTurk
143,TRUE,R_2y7Aaqug9zYdKIz,25,Male,87.4,Yes,81.37,Yes,AMTurk
28,TRUE,R_2rx6CawuLkwzlGA,30,Female,81.37,Yes,80.16,Yes,AMTurk
210,TRUE,R_3fJD3WQhApuMyUl,24,Female,80.43,Yes,72.92,No,AMTurk
39,TRUE,R_21sI34XCyZciM1g,35,Male,74.13,Yes,72.25,Yes,AMTurk
160,TRUE,R_qyE0q1s1IlpTl5L,53,Female,100,Yes,81.1,No,AMTurk
124,TRUE,R_1ffl1Tsh38kH1LR,25,Male,73.73,Yes,72.39,No,AMTurk
182,TRUE,R_yBGmPvsozEDyAEh,47,Female,100,Yes,80.7,No,AMTurk
183,TRUE,R_1fcSqHrHawM9Img,47,Prefer not to answer,95.04,Yes,86.19,No,AMTurk
54,TRUE,R_24qtLyWK9IzusAU,38,Male,54.69,Yes,52.82,No,AMTurk
147,TRUE,R_4ViWqwRhNISWeGZ,23,Male,73.86,Yes,95.98,No,AMTurk
28,TRUE,R_pfpYKVd7RAR61cB,26,Male,78.15,Yes,83.38,No,AMTurk
245,TRUE,R_bwkcsggRzWrsLER,28,Female,76.14,Yes,23.06,No,AMTurk
71,TRUE,R_3QYHL0oltxX15GX,38,Male,43.43,Yes,59.25,No,AMTurk
158,TRUE,R_1LpTLNCa3Zp315z,25,Female,80.03,Yes,81.64,No,AMTurk
217,TRUE,R_3fJ10pFCGVkyh3t,35,Male,35.92,Yes,81.5,Yes,AMTurk
204,TRUE,R_2P6eH8uDxouGKi5,71,Male,75.34,Yes,90.08,No,AMTurk
226,TRUE,R_22WhWj3W2VpqVNY,23,Male,88.34,Yes,90.62,Yes,AMTurk
226,TRUE,R_2BqW9XfYKBTZhEt,35,Female,93.57,Yes,92.76,No,AMTurk
248,TRUE,R_1z4VDaXpAnQs9Cp,46,Female,50,No,54.42,No,AMTurk
44,TRUE,R_42hDAQJkNLRPvVf,25,Male,78.95,Yes,79.62,No,AMTurk
29,TRUE,R_3242vQSoFfHViA0,35,Male,89.68,Yes,87.94,No,AMTurk
169,TRUE,R_e4fBR6ksAJ60F8t,28,Male,100,Yes,100,No,AMTurk
201,TRUE,R_3lVSrDdLv6B7yz8,39,Female,92.49,Yes,70.64,No,AMTurk
165,TRUE,R_2rOwZT4mPzjlvzD,24,Male,84.85,Yes,100,No,AMTurk
89,TRUE,R_2R3Pw7RW8WuZbpA,59,Female,19.17,No,80.7,No,AMTurk
252,TRUE,R_1Nb1jkwJMqPFpzN,31,Male,81.9,Yes,72.65,No,AMTurk
165,TRUE,R_pMj0oqoYN6LB1pn,24,Female,81.23,Yes,82.31,No,AMTurk
85,TRUE,R_rkyajGQlITXuIP7,24,Female,62.06,Yes,73.06,No,AMTurk
124,TRUE,R_1kTQDdOvBSwfKW4,55,Female,66.89,Yes,14.61,No,AMTurk
22,TRUE,R_24f551nRAmuaDep,40,Male,54.69,Yes,59.52,No,AMTurk
39,TRUE,R_2Uc4YUo89fn8W2O,27,Male,58.04,Yes,68.77,No,AMTurk
241,TRUE,R_2BsKllbuyGGV3nC,59,Male,88.07,Yes,75.07,No,AMTurk
211,TRUE,R_2bJfhnQ8pOMUmlC,30,Male,84.32,Yes,50,No,AMTurk
53,TRUE,R_3p2OoYPw2XRulrQ,25,Female,77.08,Yes,83.11,No,AMTurk
17,TRUE,R_3kFhsDdQ0BkQFsC,41,Male,60.32,Yes,62.87,Yes,AMTurk
114,TRUE,R_2v7Udgm4xveRMsM,24,Male,89.01,No,90.88,No,AMTurk
153,TRUE,R_1K3Wr8Df3zER1fQ,31,Male,80.16,Yes,79.22,No,AMTurk
34,TRUE,R_3Gvth9wBF1yjiBQ,35,Male,82.98,Yes,82.17,Yes,AMTurk
88,TRUE,R_1g5fiK8lp6COj1v,45,Male,90.88,Yes,77.48,No,AMTurk
233,TRUE,R_2964cDPwbRAubQZ,23,Male,94.1,Yes,91.82,No,AMTurk
37,TRUE,R_V4LSJf3CHXJ4T6h,25,Female,80.97,Yes,89.01,No,AMTurk
322,TRUE,R_cUbFWtuPSAx2SBz,53,Male,72.65,Yes,65.01,No,AMTurk
183,TRUE,R_1FLOj5ptMBjcwSJ,49,Female,50,Yes,71.05,No,AMTurk
287,TRUE,R_R2zvlMJP4emRnzz,38,Female,100,Yes,95.44,No,AMTurk
130,TRUE,R_1gtJI67vTC0c8H9,24,Female,94.24,No,95.17,No,AMTurk
287,TRUE,R_WDPCkThfPShHFU5,73,Male,79.36,Yes,75.74,No,AMTurk
45,TRUE,R_4IKKQ0xH24mT7Wx,54,Male,84.05,Yes,72.79,No,AMTurk
80,TRUE,R_1kZf0jPJMWKgiQy,25,Male,83.24,Yes,89.81,No,AMTurk
61,TRUE,R_55BnseHY5BB74aZ,25,Male,82.44,Yes,100,No,AMTurk
19,TRUE,R_zckfCImzWw527Bv,48,Male,54.96,Yes,54.69,Yes,AMTurk
356,TRUE,R_C94HNt58uDHuziF,30,Male,100,Yes,100,No,AMTurk
208,TRUE,R_3mjCMHf8sKmAEee,49,Female,30.56,No,70.51,No,AMTurk
21,TRUE,R_1docMscg1KauDW4,43,Female,56.3,Yes,52.68,Yes,AMTurk
415,TRUE,R_paUtghkOkPeeM2B,33,Male,87,Yes,90.88,No,AMTurk
150,TRUE,R_VQ2rrGBZFRR1PSF,30,Female,65.55,Yes,100,No,AMTurk
152,TRUE,R_4Nva7o0MTE6xmVP,22,Female,73.06,No,93.83,No,AMTurk
47,TRUE,R_BR2XEG9uuWpBV7P,62,Male,73.99,Yes,74.66,No,AMTurk
69,TRUE,R_1pmy8p0LxaxE4pQ,27,Male,66.09,Yes,77.21,No,AMTurk
146,TRUE,R_3knfnk0dU43skEN,25,Male,75.07,Yes,60.05,No,AMTurk
208,TRUE,R_3xafXzolbaJXHbz,26,Male,65.95,No,60.32,No,AMTurk
23,TRUE,R_PuJ2eAOg5MkgRnb,43,Male,53.49,Yes,56.84,Yes,AMTurk
273,TRUE,R_TdTcNlAfQ424Yet,57,Male,81.1,Yes,71.18,No,AMTurk
281,TRUE,R_80xwO9HfHKeDswp,38,Female,91.42,Yes,79.09,Yes,AMTurk
34,TRUE,R_3CZBP4tTsDLWEc8,33,Male,78.15,Yes,77.21,Yes,AMTurk
149,TRUE,R_3fCagSpVpSOoAto,44,Male,10.05,No,90.62,No,AMTurk
220,TRUE,R_uwBqNSjkqmZcIr7,26,Female,100,Yes,100,No,AMTurk
32,TRUE,R_1gbdAgPAblEOXdC,54,Male,76.54,Yes,89.41,No,AMTurk
55,TRUE,R_3j7MMGzk0EprAkn,38,Male,29.22,No,82.04,No,AMTurk
138,TRUE,R_2YyKEyvlE2dIsDF,56,Female,86.86,Yes,86.86,No,AMTurk
35,TRUE,R_12avIsIQwtJOcaA,60,Male,73.59,Yes,81.9,No,AMTurk
43,TRUE,R_3KAQ3zwRMJQdfOU,59,Male,74.66,Yes,72.65,No,AMTurk
41,TRUE,R_31gvjWVjLlCZ5jT,29,Male,87.8,No,90.75,No,AMTurk
470,TRUE,R_1NrLb1tmviOLggV,26,Female,91.29,Yes,81.9,No,AMTurk
149,TRUE,R_1dAoRTSpI2VitQJ,29,Male,77.94,Yes,72.23,No,AMTurk
108,TRUE,R_784TPJ5OiXDXGxj,37,Male,82.44,Yes,81.23,No,AMTurk
94,TRUE,R_24kgNlEWZo20Krh,35,Female,100,Yes,100,No,AMTurk
29,TRUE,R_Q5QL3RxE8qehvk5,71,Male,86.33,Yes,82.31,No,AMTurk
198,TRUE,R_1dGotnmbdoAWs8H,49,Female,100,Yes,100,No,AMTurk
120,TRUE,R_1rD5kJGr2KZcY7D,25,Male,91.42,No,66.62,No,AMTurk
66,TRUE,R_WlpCJX7nJOCvygx,34,Male,61.39,Yes,71.05,No,AMTurk
110,TRUE,R_PCbnmZnKxmw888x,60,Male,69.57,Yes,69.97,No,AMTurk
96,TRUE,R_pgzBH9xS0Gse4lX,34,Male,61.8,No,28.69,No,AMTurk
102,TRUE,R_2U5RrynjtCUuBLR,41,Male,90.3,Yes,84.43,No,AMTurk
72,TRUE,R_1rAq2HJefCxVLcG,30,Male,95.04,No,95.84,No,AMTurk
51,TRUE,R_3COOSaWFiNbSmNx,21,Female,76.94,Yes,71.18,Yes,AMTurk
173,TRUE,R_1pR1NRrNChwrK5o,37,Male,68.36,No,81.5,No,AMTurk
101,TRUE,R_2QfvY9V4wRvOXKt,64,Female,91.96,Yes,91.29,No,AMTurk
21,TRUE,R_1pnfq6ZFHQ73teS,24,Male,59.25,Yes,55.9,No,AMTurk
67,TRUE,R_3J8VOGKSeggrVCR,34,Female,67.02,Yes,74.8,No,AMTurk
26,TRUE,R_4V36p41XZqI9EVb,25,Male,84.72,Yes,75.34,No,AMTurk
73,TRUE,R_5A3sV5oU5Ss2yA1,35,Female,80.43,Yes,87.94,No,AMTurk
47,TRUE,R_ekyoi7bZJ1Epho5,33,Female,88.2,Yes,84.58,Yes,AMTurk
54,TRUE,R_1MQj3CCwmEXcjfm,33,Female,24.8,No,71.98,No,AMTurk
67,TRUE,R_1PZOEdIgjo46NdG,30,Male,100,Yes,87.94,No,AMTurk
535,TRUE,R_2TTUTuS0uK0jHVp,24,Female,40.4,No,70.47,No,AMTurk
409,TRUE,R_DDfBHZ9WoTjChRT,33,Male,80.29,Yes,84.05,No,AMTurk
133,TRUE,R_URpp40beH9lsIQp,33,Female,62.1,Yes,34.08,No,AMTurk
35,TRUE,R_1Cf0IjUhunGqKAG,38,Female,92.63,Yes,91.55,No,AMTurk
54,TRUE,R_3R9QgragEgJLErF,31,Male,99.2,Yes,93.3,No,AMTurk
51,TRUE,R_2CqPRyHfer2rgGt,35,Female,80.97,Yes,78.02,No,AMTurk
51,TRUE,R_2XashXzCeF2IB4M,26,Female,85.39,Yes,93.97,No,AMTurk
23,TRUE,R_XjJ5tnxOf114QBr,43,Male,56.3,Yes,52.82,No,AMTurk
36,TRUE,R_1HcJM7HXU4oWmLU,66,Male,80.56,Yes,86.6,No,AMTurk
67,TRUE,R_2rryHWcsqvjyUs9,34,Male,36.6,No,81.5,No,AMTurk
74,TRUE,R_1GIi7bsGocBtOUg,22,Male,58.18,Yes,42.63,No,AMTurk
65,TRUE,R_xEhZJUXg9LugTjX,36,Male,100,Yes,100,Yes,AMTurk
75,TRUE,R_3IaAkmHTF2c5q35,36,Male,94.91,Yes,64.61,No,AMTurk
44,TRUE,R_1d64Do15Wy1BdhR,39,Male,50,Yes,53.35,No,AMTurk
80,TRUE,R_10rBTiCbyXjOtwu,32,Female,79.58,No,71.64,No,AMTurk
98,TRUE,R_zT3gA0a3ECjLHu9,40,Male,66.09,Yes,60.19,No,AMTurk
89,TRUE,R_2uwIHJClVp7wDwu,40,Male,0,No,91.42,No,AMTurk
151,TRUE,R_1IQa9WLaiXhyOKH,69,Female,27.61,No,75.47,No,AMTurk
157,TRUE,R_3D7JwLl4PZrkRTH,55,Female,90.35,Yes,90.88,No,AMTurk
95,TRUE,R_2ta2py6TC87Clh9,36,Male,4.16,No,70.64,No,AMTurk
87,TRUE,R_1GUG4gOYMimLGSK,34,Male,90.21,Yes,91.42,No,AMTurk
88,TRUE,R_2vcbyOoSBfzLgnQ,34,Male,100,Yes,100,Yes,AMTurk
30,TRUE,R_DI8AZABrGFc34k1,35,Male,83.38,Yes,78.55,No,AMTurk
220,TRUE,R_URVF2jyrWcGfdDz,25,Male,87.26,Yes,97.05,No,AMTurk
148,TRUE,R_1OuBt78PmEw34w3,41,Female,100,Yes,98.26,No,AMTurk
201,TRUE,R_2ZIyY0y6SHUa0Yt,30,Female,80.03,Yes,90.08,No,AMTurk
137,TRUE,R_6sz9KxYj9J4QodH,55,Female,83.89,Yes,74.9,No,AMTurk
296,TRUE,R_3QQ2oWAO5RgAjZW,21,Male,93.97,Yes,60.72,No,AMTurk
217,TRUE,R_2ro8L3WiFiooVXw,28,Male,81.85,Yes,71.24,Yes,AMTurk
271,TRUE,R_2fjT5cXnV5Mtiox,45,Female,3.75,No,95.84,No,AMTurk
284,TRUE,R_1Cyh4TLKGTRpRrB,37,Male,51.47,No,62.87,No,AMTurk
62,TRUE,R_3EXTzruVaSjGCUx,38,Female,38.47,No,80.7,No,AMTurk
287,TRUE,R_2vZJ31UC8qU0SWb,34,Female,51.21,Yes,82.71,No,AMTurk
241,TRUE,R_WiYRIphfysxr2I9,48,Female,100,Yes,100,No,AMTurk
145,TRUE,R_2lfzESowppLPzPj,28,Male,50.8,Yes,71.98,No,AMTurk
153,TRUE,R_3hFx7JaWq5eGPw1,34,Male,87.27,Yes,80.7,No,AMTurk
107,TRUE,R_byKZEIibnJF8SDT,31,Male,100,Yes,79.36,No,AMTurk
432,TRUE,R_3hF7nay40UJT7U8,25,Male,84.72,Yes,79.36,Yes,AMTurk
100,TRUE,R_2asr8WchndtcY65,27,Female,84.72,Yes,61.93,No,AMTurk
18,TRUE,R_uf9iLLK28GDtyzD,30,Male,64.88,Yes,73.99,Yes,AMTurk
60,TRUE,R_1KfHx7rZHOpo0zm,29,Male,84.78,Yes,83.58,No,AMTurk
271,TRUE,R_2bUmufPkmpgekPF,25,Female,69.3,Yes,99.06,No,AMTurk
79,TRUE,R_2SHOd94WsU6OAHX,33,Male,32.31,No,90.08,No,AMTurk
128,TRUE,R_245yHOXf7th9gJR,43,Female,26.94,No,50,No,AMTurk
171,TRUE,R_6LPBHkH4lPNXsAN,26,Female,68.77,No,93.16,No,AMTurk
69,TRUE,R_1hPUY7SqL68pbE6,24,Male,93.7,Yes,93.7,No,AMTurk
72,TRUE,R_3EihQNuCU9OVn8D,36,Male,81.23,Yes,38.07,No,AMTurk
71,TRUE,R_2qfRHabDHiwWDNh,29,Male,88.07,Yes,80.83,No,AMTurk
226,TRUE,R_3R9NzyUiEcx7mYw,38,Male,39.01,No,68.9,No,AMTurk
60,TRUE,R_vOhDchKcSJ0hyPT,39,Male,70.38,Yes,81.23,No,AMTurk
79,TRUE,R_3O2NkA0SlOJx3bA,20,Male,31.37,Yes,40.12,No,AMTurk
311,TRUE,R_2ykjKIMLnPXw8fv,25,Female,74.66,Yes,92.23,Yes,AMTurk
170,TRUE,R_21G6qJPwGlgFNYG,25,Female,88.2,Yes,90.48,No,AMTurk
459,TRUE,R_vSRLlvWvznIRmaR,36,Female,70.64,Yes,65.15,No,AMTurk
114,TRUE,R_21tEtdjceCv2EWR,28,Male,56.3,No,28.95,No,AMTurk
75,TRUE,R_3GqvGpTpUg1N27a,38,Female,20.38,No,72.92,No,AMTurk
77,TRUE,R_3nIcJVe68iGDBc7,29,Male,85.25,Yes,69.97,No,AMTurk
145,TRUE,R_1j8HRLhsQs0BA6S,25,Female,89.28,Yes,94.5,No,AMTurk
27,TRUE,R_9yjrdwMpCjlwVj3,32,Male,33.91,Yes,37.53,Yes,AMTurk
24,TRUE,R_2qk2fQtTdU7ykSu,29,Male,73.59,Yes,66.09,No,AMTurk
37,TRUE,R_1hETMiXwRYVDbmY,24,Female,100,Yes,100,No,AMTurk
52,TRUE,R_3p8PCs2pLeOeyZJ,21,Male,40.14,Yes,94.75,No,AMTurk
57,TRUE,R_2cwHdybUHpGQSYC,33,Male,47.45,Yes,58.98,No,AMTurk
29,TRUE,R_2yq1IqI9bYbgTUS,30,Male,85.25,Yes,55.63,Yes,AMTurk
61,TRUE,R_3fWeuNglofFBhbo,34,Male,76.14,Yes,49.6,No,AMTurk
29,TRUE,R_1Fm2WEu8Ax1dHhD,24,Male,67.02,Yes,30.03,No,AMTurk
30,TRUE,R_1dB58uyDs5foIrm,49,Female,82.98,Yes,89.54,No,AMTurk
49,TRUE,R_28J7fdVWMl2g4qK,28,Male,65.42,Yes,64.34,No,AMTurk
55,TRUE,R_3FOrSwroLlhiShl,26,Male,91.69,Yes,95.58,No,AMTurk
56,TRUE,R_6gRc4EwNKDbIzip,26,Male,0,No,0,No,AMTurk
53,TRUE,R_1fftNzhhFNPh6Gm,36,Female,79.62,Yes,83.11,Yes,AMTurk
26,TRUE,R_1M5vffJ6R3CwENm,21,Male,13.15,Yes,84.16,No,AMTurk
30,TRUE,R_3rZKSI83fC87CE6,54,Female,71.18,Yes,78.02,No,AMTurk
58,TRUE,R_2vihO9mVa1HgVVa,30,Female,100,Yes,72.25,No,AMTurk
81,TRUE,R_DzPhmTmxiBgU8Qp,22,Male,38.2,Yes,63.54,No,AMTurk
46,TRUE,R_8iRB7llw5ej3lex,29,Male,61.34,Yes,89.26,Yes,AMTurk
30,TRUE,R_3KuOMzRvVvIAGN8,46,Male,64.08,Yes,87.27,No,AMTurk
69,TRUE,R_CjzRNvfLCfvIlqx,23,Male,91.29,No,91.55,No,AMTurk
25,TRUE,R_8uGP99q3Ene3YcN,27,Female,66.22,Yes,66.35,No,AMTurk
64,TRUE,R_0cdvTJkrQe7y1u9,27,Male,65.55,Yes,61.66,No,AMTurk
26,TRUE,R_3nB1pdDoeTJqYOE,25,Female,83.91,Yes,85.66,Yes,AMTurk
75,TRUE,R_2YLcHJIK8zUUMRE,35,Male,75.07,Yes,82.84,Yes,AMTurk
77,TRUE,R_1C3fGmcmW0DVqBc,27,Prefer not to answer,100,Yes,75.34,No,AMTurk
56,TRUE,R_2rpiivAsZ4AO28y,31,Male,79.36,Yes,80.43,No,AMTurk
78,TRUE,R_roROI0dJHVRUa6B,53,Female,0,No,80.56,No,AMTurk
56,TRUE,R_eFIolUicv4DUDol,48,Male,68.36,Yes,66.49,No,AMTurk
30,TRUE,R_UPCdCDxUDDisS1X,33,Male,88.61,Yes,95.31,No,AMTurk
64,TRUE,R_210PibA8rgwEqOH,27,Female,80.43,Yes,80.83,Yes,AMTurk
40,TRUE,R_26bDEs2qWPCIqRb,28,Female,76.94,Yes,84.05,Yes,AMTurk
102,TRUE,R_29p4clH9bAoFENZ,45,Female,56.17,No,50.94,No,AMTurk
98,TRUE,R_0TUtCkQ7Er5KssV,29,Male,74.93,Yes,81.9,Yes,AMTurk
39,TRUE,R_WCH4NL4CcBdupjP,30,Male,72.65,Yes,80.03,No,AMTurk
29,TRUE,R_Ane4RYw8Yu3R3DH,35,Male,80.56,Yes,79.36,No,AMTurk
89,TRUE,R_3kv81TABjsgirZn,29,Female,93.16,Yes,93.97,No,AMTurk
78,TRUE,R_2roWTOuxC5f2Tde,34,Male,61.66,Yes,60.86,No,AMTurk
112,TRUE,R_3nGf4jUqV1Qt0D3,27,Female,82.04,Yes,73.86,No,AMTurk
69,TRUE,R_1ibnNfY3XjyoZAG,40,Male,92.23,Yes,89.54,No,AMTurk
99,TRUE,R_2RWZxLxQWKlqUXf,71,Male,54.56,Yes,73.59,No,AMTurk
97,TRUE,R_3isaYg1ldeKE02j,25,Male,68.76,Yes,65.01,No,AMTurk
99,TRUE,R_1Cvk1nobtkyboLP,30,Female,91.42,Yes,89.68,No,AMTurk
153,TRUE,R_30vpA18SJUZ7GSD,28,Male,71.72,Yes,93.57,No,AMTurk
110,TRUE,R_1mXzzZLzh9R7fGf,35,Female,82.98,Yes,82.04,No,AMTurk
98,TRUE,R_1nUDORHLNPZ5xMZ,49,Male,70.78,Yes,39.95,No,AMTurk
46,TRUE,R_3Nzam86EgaGE4ZM,55,Female,68.9,Yes,71.31,Yes,AMTurk
7,TRUE,R_307QNDWfj3Onmwh,19,Male,50.04,No,50.05,Yes,AMTurk
150,TRUE,R_pDxv6dbtpTO14uB,42,Male,100,Yes,100,No,AMTurk
146,TRUE,R_2xWeFoiyfGgS0Iy,39,Male,19.97,No,80.29,No,AMTurk
49,TRUE,R_1OvE5gvsmrlbYXe,28,Male,67.56,Yes,74.93,No,AMTurk
31,TRUE,R_3rHbQIDoMRJ9mFy,50,Male,63.67,Yes,64.48,Yes,AMTurk
100,TRUE,R_3HZyRFTRxWvBJRa,57,Female,67.56,Yes,68.5,No,AMTurk
119,TRUE,R_30i30v3elce8v2F,30,Female,90.75,Yes,88.07,Yes,AMTurk
82,TRUE,R_Om2nv2HmJcXtdzX,25,Female,81.77,Yes,77.35,Yes,AMTurk
30,TRUE,R_3RyGcbFbi5Ifqqd,29,Male,28.15,Yes,38.2,No,AMTurk
73,TRUE,R_00b5OOsEdNylsTn,30,Male,53.35,Yes,61.53,No,AMTurk
57,TRUE,R_2VPbZjSsUgMvUw3,30,Male,88.34,Yes,88.87,No,AMTurk
121,TRUE,R_4Oer3yK5azn1J73,30,Male,70.78,No,24.66,No,AMTurk
66,TRUE,R_3j6tcDsTGgp70TG,32,Male,77.08,Yes,59.25,No,AMTurk
74,TRUE,R_Xk7j6RSOvKTK7T3,38,Male,60.46,Yes,43.7,No,AMTurk
41,TRUE,R_sNm05bRqvo2TLvb,29,Male,69.97,Yes,63.81,Yes,AMTurk
102,TRUE,R_3EZiokxipyucNhn,31,Female,69.57,Yes,64.75,No,AMTurk
79,TRUE,R_se7SwLCRJytLWYF,36,Male,68.63,Yes,37.53,No,AMTurk
103,TRUE,R_3scxTdSsWPEBTVK,29,Female,82.31,Yes,79.49,No,AMTurk
155,TRUE,R_11d2l5JS21W3XW4,54,Male,100,Yes,100,No,AMTurk
96,TRUE,R_2Vxe2A6WnG4dwks,24,Female,80.97,Yes,66.35,No,AMTurk
125,TRUE,R_2ASCOPXNlOSHrIU,30,Male,75.2,Yes,95.04,No,AMTurk
18,TRUE,R_3PvI92yFXX76gMm,27,Male,65.55,Yes,63,No,AMTurk
81,TRUE,R_pFQG7SX5LTSzHS9,35,Male,78.62,Yes,83.11,No,AMTurk
65,TRUE,R_2ffYK42iuLiy4E1,40,Female,60.19,Yes,62.06,Yes,AMTurk
132,TRUE,R_3LZ0KzOU1T3uZxx,35,Male,59.65,No,65.28,No,AMTurk
39,TRUE,R_2Bn5I7kTdB2S41f,34,Male,79.49,Yes,92.36,Yes,AMTurk
19,TRUE,R_3rGmCrXjCJRgNEU,25,Male,91.55,Yes,91.55,Yes,AMTurk
76,TRUE,R_2SfspX5lzEUa9OQ,33,Male,62.47,Yes,61.26,No,AMTurk
47,TRUE,R_3nwKsGdXz4JIa14,35,Male,62.06,Yes,64.75,Yes,AMTurk
69,TRUE,R_1K0IfVtYX3GqdhN,24,Male,60.05,Yes,70.38,No,AMTurk
130,TRUE,R_268OPREvp04hm8s,40,Female,83.91,No,94.37,Yes,AMTurk
24,TRUE,R_ZaiTKr0djmeUaQh,29,Female,44.37,Yes,39.41,Yes,AMTurk
34,TRUE,R_3J8eaqyt6MjWMEB,28,Male,82.04,Yes,80.16,Yes,AMTurk
22,TRUE,R_r9IojSbMqVKOo5H,27,Female,67.29,Yes,72.12,Yes,AMTurk
106,TRUE,R_8CjA1v6MzjTBCSt,44,Male,64.48,Yes,62.87,Yes,AMTurk
192,TRUE,R_dgtw53FAG0kKuM9,35,Male,81.23,Yes,91.42,No,AMTurk
73,TRUE,R_3FXVqcDjlG6z9a0,32,Male,71.05,Yes,84.58,Yes,AMTurk
46,TRUE,R_23GkG0mXiXiKMdX,36,Male,36.19,Yes,42.63,No,AMTurk
57,TRUE,R_1QFOA2xhXMJkI4e,29,Male,59.79,Yes,71.85,Yes,AMTurk
81,TRUE,R_3qKf1ObqBU71dbB,32,Male,71.58,Yes,50.67,No,AMTurk
161,TRUE,R_yOVyd0cMtQIKNeV,30,Male,91.29,Yes,82.71,No,AMTurk
33,TRUE,R_2WHUusz8A87RStK,26,Female,58.98,Yes,64.34,Yes,AMTurk
23,TRUE,R_sj8gA8LvkwKaehb,25,Female,73.06,Yes,62.2,Yes,AMTurk
18,TRUE,R_1FK9DR45piS4OtR,27,Female,65.95,Yes,66.76,No,AMTurk
98,TRUE,R_31AY5ZCSu1KoAXM,29,Male,80.7,Yes,91.02,No,AMTurk
113,TRUE,R_21AIBBADFcLcikl,32,Female,93.03,Yes,95.04,No,AMTurk
117,TRUE,R_0jLn9GbGCS9HRHX,32,Male,100,No,100,No,AMTurk
31,TRUE,R_3fCqxNY4B35nFQV,36,Male,76.54,Yes,65.55,Yes,AMTurk
216,TRUE,R_2t37m7hJT5cIswo,31,Female,32.73,Yes,76.88,No,AMTurk
217,TRUE,R_T6JXNQdrrMF0TYZ,56,Female,33.91,No,43.57,No,AMTurk
193,TRUE,R_3qdoTtCwERCn6Us,30,Male,80.16,Yes,89.68,No,AMTurk
125,TRUE,R_1BQ0iWzzuaYmGBQ,41,Male,78.69,Yes,84.58,No,AMTurk
86,TRUE,R_27HklRYBlNrwy1W,34,Male,90.75,Yes,70.91,No,AMTurk
34,TRUE,R_1nVNqTFrOB6Rpgl,47,Male,56.97,Yes,61.13,Yes,AMTurk
134,TRUE,R_41nk7qLLddlL45P,50,Female,92.63,Yes,87.94,No,AMTurk
19,TRUE,R_2zM8nbLro6NU90k,25,Male,92.36,Yes,89.95,Yes,AMTurk
77,TRUE,R_ptJHNINBJdR8ggx,51,Male,75.07,Yes,90.21,No,AMTurk
73,TRUE,R_2rNNWp04G7Kn3dI,28,Male,90.48,Yes,88.34,Yes,AMTurk
91,TRUE,R_ugdTMwEPmHv2veh,28,Female,54.83,Yes,64.88,Yes,AMTurk
48,TRUE,R_2U5yHp0I2Cg8ykt,29,Male,69.84,Yes,70.38,Yes,AMTurk
82,TRUE,R_2QteyuV1tFq0jdh,36,Male,62.6,Yes,66.22,No,AMTurk
74,TRUE,R_2fy4RCj3SC4CdSz,34,Male,55.63,No,72.12,No,AMTurk
150,TRUE,R_C2HSp4a38jyhaPT,23,Prefer not to answer,83.38,Yes,78.55,No,AMTurk
85,TRUE,R_1dta9nms3bySrsq,37,Male,57.1,Yes,59.79,No,AMTurk
174,TRUE,R_2CV9ui5GoJvotXH,33,Male,73.06,Yes,88.61,No,AMTurk
203,TRUE,R_1GDhVkjr5FYRUBR,30,Male,75.34,Yes,80.16,Yes,AMTurk
34,TRUE,R_2qBM2w3xButMw8R,27,Female,80.16,Yes,97.32,No,AMTurk
209,TRUE,R_2ypdx4a3Yulh4y8,30,Female,81.9,No,80.7,No,AMTurk
82,TRUE,R_2rTM7SjiW0Mng3y,28,Female,57.51,Yes,66.62,No,AMTurk
168,TRUE,R_4Hjc18GKcJxaJeV,33,Female,92.63,Yes,100,No,AMTurk
33,TRUE,R_27PFdXCQOIAFfmP,56,Male,79.36,Yes,80.7,No,AMTurk
33,TRUE,R_tEQHlm8aQAoTdgl,32,Male,40.88,Yes,40.75,No,AMTurk
152,TRUE,R_2rlwFv3OMw0FL05,57,Female,100,Yes,100,No,AMTurk
195,TRUE,R_1kYzGdK2hIZh3Dc,46,Female,30.03,No,40.21,No,AMTurk
123,TRUE,R_1igRHZ2xLLMeefi,24,Male,81.1,Yes,66.76,No,AMTurk
23,TRUE,R_1HjZqIGbWAnwQj6,30,Female,61.39,Yes,61.39,No,AMTurk
22,TRUE,R_Cgeh7RryZmwbDb3,29,Male,93.83,Yes,82.17,Yes,AMTurk
20,TRUE,R_3qVVLPXpZZ6Rl5f,27,Female,57.51,Yes,60.46,Yes,AMTurk
59,TRUE,R_3kMyIFbeAWTSjBa,28,Male,84.18,Yes,86.06,Yes,AMTurk
113,TRUE,R_0P8CWejwO8myvlf,49,Male,61.93,Yes,72.25,No,AMTurk
101,TRUE,R_1LG8OG6Ok4Bmobl,43,Male,80.97,Yes,68.9,No,AMTurk
29,TRUE,R_2E69d6W2yAv3apN,63,Female,78.95,Yes,77.88,Yes,AMTurk
186,TRUE,R_cAVbb4RAbINDWmt,27,Female,69.71,Yes,78.82,No,AMTurk
244,TRUE,R_28ZoW2C0kH0A9tG,25,Male,71.31,Yes,93.3,No,AMTurk
52,TRUE,R_vJNFg3fsnlk9cSl,29,Female,25.87,Yes,42.23,Yes,AMTurk
83,TRUE,R_1InmKQrxyhXQAug,36,Male,60.59,Yes,59.38,Yes,AMTurk
131,TRUE,R_3sBMtNK7EGEOSfG,31,Male,86.46,Yes,73.99,No,AMTurk
129,TRUE,R_1mRcdJUpxWRNVUE,42,Female,85.39,No,64.21,No,AMTurk
42,TRUE,R_OvyAGrH3ULAL0Fr,25,Male,80.03,Yes,69.3,Yes,AMTurk
106,TRUE,R_248yGA26uuZ5P7v,29,Male,75.71,Yes,74.37,No,AMTurk
132,TRUE,R_2ZKPrBVnzOhgHfv,42,Male,65.95,Yes,65.82,No,AMTurk
33,TRUE,R_1H77XRqu8FSiyPp,37,Male,60.72,Yes,55.23,No,AMTurk
56,TRUE,R_erOkmLIgQJV0mxH,40,Female,81.77,Yes,100,Yes,AMTurk
29,TRUE,R_yrrHvsGrRNpy6Kl,36,Male,57.24,Yes,63.81,Yes,AMTurk
23,TRUE,R_3KBnseEaFeDzDOa,28,Male,67.16,Yes,71.05,Yes,AMTurk
119,TRUE,R_2X0VkEQGFzMZ25G,30,Male,94.24,Yes,100,No,AMTurk
21,TRUE,R_1jI1Q0XeLlZxP9Q,36,Male,81.9,Yes,69.17,No,AMTurk
94,TRUE,R_1drYjXJrDs5j7nh,32,Female,87.13,Yes,83.24,No,AMTurk
122,TRUE,R_vvHsGB6UZLnSSmB,52,Male,65.15,Yes,75.6,No,AMTurk
30,TRUE,R_2WSG5YsbvbfageQ,29,Female,41.55,Yes,43.83,Yes,AMTurk
42,TRUE,R_TeaL64GDa294fBf,35,Male,69.44,Yes,68.36,Yes,AMTurk
42,TRUE,R_6RSs12EmiUnaZ7H,73,Male,100,Yes,100,Yes,AMTurk
159,TRUE,R_3exxC3BrXvjhEs9,28,Male,68.5,Yes,79.09,No,AMTurk
281,TRUE,R_2xS4tqcOfyrRpfR,28,Male,83.91,Yes,88.34,No,AMTurk
29,TRUE,R_3m4qh1ygC12aYyB,28,Female,60.14,No,35.81,Yes,AMTurk
123,TRUE,R_30w0eSMZ8KOERU1,38,Male,56.84,Yes,58.58,No,AMTurk
128,TRUE,R_29wWpcyOwp1YfWp,32,Male,35.39,No,39.95,No,AMTurk
60,TRUE,R_1dbP8aKiIqdVFGH,26,Female,83.51,Yes,69.97,Yes,AMTurk
58,TRUE,R_1FfyF0Fl61tDYFH,28,Male,89.41,Yes,84.05,Yes,AMTurk
22,TRUE,R_2aRCZ0IcemgOPAw,29,Female,92.23,Yes,84.18,No,AMTurk
199,TRUE,R_22LZQUl2pKvIfbf,29,Male,65.55,Yes,70.38,No,AMTurk
42,TRUE,R_2QfeHVR9va5cAVa,30,Male,85.66,Yes,80.29,No,AMTurk
20,TRUE,R_ThK7nxXSJHr1teh,32,Male,80.43,Yes,31.37,Yes,AMTurk
183,TRUE,R_V3YapfngvgBb2ff,31,Male,94.91,Yes,91.15,No,AMTurk
70,TRUE,R_3il0UBBTQzrX64m,33,Male,95.04,Yes,100,Yes,AMTurk
18,TRUE,R_2qwKVDV41CKAm8H,25,Male,83.38,Yes,86.86,Yes,AMTurk
54,TRUE,R_3HS9Qx19w8NKdPl,31,Female,79.72,Yes,83.27,No,AMTurk
21,TRUE,R_1ou3wt79YutTRNo,29,Male,90.62,Yes,92.09,Yes,AMTurk
111,TRUE,R_2cAe2t3FuEQ87Mo,25,Male,78.02,Yes,74.4,Yes,AMTurk
109,TRUE,R_3rOQFgvbnNqbKT7,35,Male,20.38,Yes,81.1,No,AMTurk
162,TRUE,R_1K2sVLDkwgsDmx6,28,Female,58.98,Yes,41.42,No,AMTurk
157,TRUE,R_1mlP6KvSeiybVc0,40,Male,92.9,Yes,95.98,No,AMTurk
94,TRUE,R_24wS9gvt22HmBJu,33,Male,95.84,Yes,98.66,Yes,AMTurk
153,TRUE,R_uxfYhZpneppzo77,28,Male,13.67,No,66.89,No,AMTurk
152,TRUE,R_pz0nAhNcV0phS5r,28,Male,59.65,Yes,65.68,No,AMTurk
27,TRUE,R_VULbOmILRJrbG9z,36,Female,80.16,Yes,75.47,No,AMTurk
174,TRUE,R_8xnM4jcUKdtg3C1,27,Male,47.86,Yes,44.77,No,AMTurk
43,TRUE,R_vZRP3dZPUiTcoYV,52,Female,66.49,Yes,71.45,No,AMTurk
64,TRUE,R_3QKr4CYhDKPdvJ1,29,Male,53.35,Yes,45.58,No,AMTurk
210,TRUE,R_2akjgoziabtXNmo,45,Male,50,Yes,80.97,No,AMTurk
85,TRUE,R_3Pi5WrrAMiCi1jO,31,Male,84.32,Yes,71.45,No,AMTurk
87,TRUE,R_2tKlIKoToHPAkRH,28,Female,65.15,Yes,59.12,Yes,AMTurk
116,TRUE,R_UKiHuzKdRi4j0Gt,28,Female,73.63,Yes,66.19,No,AMTurk
70,TRUE,R_D1oBB4JWXoCvgBj,28,Female,69.03,Yes,74.93,Yes,AMTurk
98,TRUE,R_3kz7ICbqj73S0lA,28,Female,65.42,Yes,64.75,No,AMTurk
30,TRUE,R_TnL6Tel3ejKB1tf,38,Male,56.97,Yes,62.47,No,AMTurk
168,TRUE,R_p5ZudJjF0LDVI1X,33,Male,77.75,Yes,75.2,No,AMTurk
85,TRUE,R_00uQgkI9dt3YXgR,37,Male,59.92,Yes,62.47,No,AMTurk
226,TRUE,R_3PzNlRUEsv0WexR,25,Male,85.12,Yes,80.29,No,AMTurk
78,TRUE,R_3JxYZCkkJaVneXD,26,Female,71.45,Yes,70.11,Yes,AMTurk
205,TRUE,R_27Khk78qqTARgvA,24,Female,91.29,Yes,100,No,AMTurk
70,TRUE,R_2uKW0cQQWOSc2gf,26,Male,90.35,Yes,92.09,No,AMTurk
27,TRUE,R_2fdfNDj05HmGPYR,28,Male,69.71,Yes,67.02,No,AMTurk
115,TRUE,R_eypGQZo38FgjYMp,33,Female,60.32,Yes,55.76,No,AMTurk
225,TRUE,R_6J1UvGAGegygDfj,28,Male,59.52,Yes,59.52,No,AMTurk
98,TRUE,R_2fBBDDU301du00N,39,Male,57.37,Yes,56.84,No,AMTurk
57,TRUE,R_1imm9NHlcaOybqk,38,Male,56.84,Yes,48.93,Yes,AMTurk
24,TRUE,R_1lzTDk7FxhLDN4a,27,Female,56.3,Yes,63.4,No,AMTurk
113,TRUE,R_3jEOebOdVGm21aN,51,Male,58.45,Yes,66.22,No,AMTurk
151,TRUE,R_2qDDBZ79Jznijn8,43,Female,100,Yes,100,No,AMTurk
30,TRUE,R_3qyETKYCKeEvTmG,40,Female,43.43,Yes,58.45,No,AMTurk
41,TRUE,R_1j7ytKjEomeR5LE,36,Male,100,Yes,100,No,AMTurk
164,TRUE,R_7Vt8v5Q39rXNsqJ,25,Male,74.8,Yes,77.75,No,AMTurk
116,TRUE,R_2cqPswSDCbtnotx,30,Male,56.7,Yes,60.05,No,AMTurk
225,TRUE,R_9SkWU39k0UpvliF,27,Male,80.16,Yes,81.9,No,AMTurk
36,TRUE,R_1OoxoSOCDzSKsN4,28,Male,84.72,Yes,83.91,No,AMTurk
196,TRUE,R_UXVifvh6x3UCd0d,24,Female,69.97,Yes,86.33,No,AMTurk
39,TRUE,R_RQzy0d3rb0i02Fr,28,Male,91.69,Yes,100,No,AMTurk
31,TRUE,R_2zU4FuudZ8PkSyS,33,Male,61.13,Yes,63.14,No,AMTurk
111,TRUE,R_1OH3kZgUgcjsAvz,23,Male,81.1,No,73.06,No,AMTurk
78,TRUE,R_3rGpV5iF8alczdI,40,Male,66.09,Yes,78.55,No,AMTurk
283,TRUE,R_1roDwfIgJKShgDJ,25,Male,71.31,Yes,80.97,No,AMTurk
140,TRUE,R_e2nJnPgg9S8p2lr,33,Male,100,Yes,98.66,No,AMTurk
219,TRUE,R_3MlMsVBAYxOYozk,23,Male,82.17,Yes,73.59,No,AMTurk
47,TRUE,R_1KfPl3fSwSxdsWK,32,Male,86.6,Yes,79.09,Yes,AMTurk
19,TRUE,R_1M0wi35OcrIWJ8s,27,Male,70.64,Yes,77.88,No,AMTurk
125,TRUE,R_ZrXzCncRMysuJnr,30,Female,11.39,Yes,79.54,No,AMTurk
52,TRUE,R_WiZ15jdYzHd0YlX,35,Male,70.24,Yes,82.04,No,AMTurk
45,TRUE,R_sNZCJSkrdCpYLkJ,28,Female,78.69,Yes,76.41,Yes,AMTurk
244,TRUE,R_2S2YtkC0y2Z58Rf,38,Female,90.6,Yes,94.72,No,AMTurk
131,TRUE,R_2fxQsgFzR9pOMsw,31,Female,70.67,Yes,38.61,No,AMTurk
131,TRUE,R_3lXEpyGTtyR4pAo,30,Male,70.24,Yes,69.44,No,AMTurk
45,TRUE,R_2WVG5THhNiyNrng,42,Male,62.33,Yes,84.85,No,AMTurk
56,TRUE,R_27wZfIcFQtooLSO,58,Male,80.97,Yes,71.45,No,AMTurk
139,TRUE,R_3PYomi4EoaSM0zt,37,Male,42.9,Yes,42.09,No,AMTurk
322,TRUE,R_2PpbU7GqQnB0MIt,23,Male,67.56,Yes,76.94,No,AMTurk
23,TRUE,R_3ndhkK0kGaDSOvT,47,Male,52.82,Yes,42.9,Yes,AMTurk
152,TRUE,R_3KBGNJX3z094TyJ,49,Male,55.36,Yes,65.01,No,AMTurk
332,TRUE,R_RPrBgUTlgHKQcsp,30,Male,82.44,Yes,91.96,No,AMTurk
25,TRUE,R_1I7dtVhg8c56V06,36,Female,86.73,Yes,73.32,No,AMTurk
21,TRUE,R_3jSrEW9z1WGU0hJ,24,Female,61.66,Yes,64.34,No,AMTurk
38,TRUE,R_1EWH4n4xE6QSGJv,26,Male,92.09,Yes,91.82,Yes,AMTurk
295,TRUE,R_30iUV2s8E5Zsyq2,26,Male,94.37,Yes,80.97,No,AMTurk
88,TRUE,R_1GQuRyNpsNaI3cL,26,Male,45.58,Yes,76.81,No,AMTurk
31,TRUE,R_sO4M3vOnOBO5ffX,34,Male,89.28,No,100,No,AMTurk
27,TRUE,R_1NE070c8FkE2X2r,29,Female,43.16,Yes,34.45,No,AMTurk
275,TRUE,R_1mDdXDaiaqW1FHM,21,Male,0,No,100,No,AMTurk
211,TRUE,R_CdHyncD0lux2TBv,25,Female,70.11,Yes,75.34,No,AMTurk
26,TRUE,R_2Ya1HPYrV56VoQj,39,Male,77.08,Yes,78.28,No,AMTurk
351,TRUE,R_10I9g66fFc8YQki,25,Male,65.28,Yes,71.31,No,AMTurk
208,TRUE,R_2cAyksRRm5DJZCi,25,Male,70.64,Yes,75.07,No,AMTurk
343,TRUE,R_1QaROBcbvTOpYu9,26,Male,66.22,Yes,68.23,No,AMTurk
327,TRUE,R_ZxYWidfma8imPfj,25,Male,70.64,Yes,75.6,No,AMTurk
96,TRUE,R_4UYYvPsOFt1tBFD,27,Male,76.81,Yes,75.87,No,AMTurk
92,TRUE,R_2QRi1XziobnAcJV,34,Male,36.06,Yes,67.83,No,AMTurk
20,TRUE,R_2YnCp8EuO23CA5o,25,Male,81.37,Yes,91.15,Yes,AMTurk
22,TRUE,R_0ld1h60N9FVIN3z,27,Male,71.31,Yes,66.22,Yes,AMTurk
27,TRUE,R_RxJvu0aBcflTxrH,23,Female,87.13,Yes,82.98,Yes,AMTurk
219,TRUE,R_3meKhWAzzknetbf,35,Male,61.13,Yes,78.69,No,AMTurk
45,TRUE,R_XHyLNGkCWYPOjHr,28,Male,46.25,Yes,46.65,No,AMTurk
107,TRUE,R_3s5suq0qsXzIQXF,42,Male,85.66,Yes,79.89,No,AMTurk
319,TRUE,R_12PjHgvrFhShFz4,25,Female,70.64,Yes,77.48,No,AMTurk
38,TRUE,R_3PZ9QMgsQQciK7t,26,Female,63.81,No,37.13,No,AMTurk
313,TRUE,R_32Jzu8A1Mr0uqVA,24,Male,67.43,Yes,80.97,No,AMTurk
344,TRUE,R_R7SThZGOj6YvYfn,23,Male,65.68,Yes,75.07,No,AMTurk
144,TRUE,R_tEAwnDNskebU8h3,29,Male,59.92,Yes,68.23,No,AMTurk
87,TRUE,R_5BETZDKuZ0ulC1z,30,Male,93.43,Yes,91.15,No,AMTurk
114,TRUE,R_11i4jnyCQxnizoz,55,Male,77.45,Yes,79.06,No,AMTurk
337,TRUE,R_BQImp2w3GOX7hRv,26,Male,71.45,Yes,71.58,No,AMTurk
360,TRUE,R_tWDUuf675Dd0D0B,26,Male,70.24,Yes,71.85,No,AMTurk
28,TRUE,R_2w1zS8NUwbe74Om,28,Male,91.55,Yes,81.9,Yes,AMTurk
271,TRUE,R_SCwpgZrNrKmhkUV,23,Male,67.83,Yes,75.6,No,AMTurk
36,TRUE,R_3HFy087IP2Lt7Hx,35,Male,50.54,Yes,53.08,No,AMTurk
23,TRUE,R_RJKzdyHdItMrNQd,34,Male,90.88,Yes,100,Yes,AMTurk
360,TRUE,R_T71CycrPwhiBXtD,26,Male,68.77,Yes,69.44,No,AMTurk
157,TRUE,R_rjNq5B0cpoWoLeN,30,Female,85.12,Yes,89.01,No,AMTurk
27,TRUE,R_1GwYywuDPhrSIlv,28,Male,70.91,Yes,71.85,Yes,AMTurk
227,TRUE,R_2YzCcOJF1YEo8B8,24,Female,76.68,Yes,83.11,No,AMTurk
56,TRUE,R_Ox27CbSucLrkcgN,28,Male,60.19,Yes,63.4,No,AMTurk
339,TRUE,R_DAdxAHDko0qr9Dj,25,Male,70.38,Yes,62.6,No,AMTurk
401,TRUE,R_1BOXLA8tjK0AwQ9,28,Male,65.15,Yes,95.58,No,AMTurk
264,TRUE,R_2Bm0ZRsbl6EArNh,38,Male,100,Yes,100,No,AMTurk
157,TRUE,R_3oWOxhLB5MTvIRT,35,Male,56.84,Yes,57.64,No,AMTurk
202,TRUE,R_1LYZfhlSJYOWowE,24,Male,50,Yes,50,No,AMTurk
341,TRUE,R_XM9uPqIA80RAtEt,29,Female,61.26,Yes,60.59,Yes,AMTurk
20,TRUE,R_2s7GDWXdBFjhtSk,24,Female,90.75,Yes,82.17,No,AMTurk
413,TRUE,R_11haqcTYewOEZqz,24,Female,81.9,Yes,90.35,No,AMTurk
226,TRUE,R_ZyL66XmKtnUNCqR,24,Male,72.39,Yes,93.43,No,AMTurk
41,TRUE,R_vZza9a5lAUdlGSd,25,Male,73.46,Yes,76.27,No,AMTurk
36,TRUE,R_ZtawnfqRzw0xgch,56,Male,61.13,Yes,63.27,No,AMTurk
173,TRUE,R_BRCP3t1lkEGfQJj,26,Male,69.57,Yes,65.55,No,AMTurk
109,TRUE,R_shSzobVjHLXZGUh,50,Female,26.81,No,100,No,AMTurk
53,TRUE,R_3kbt32zp3CgiAzk,37,Male,65.15,Yes,58.85,No,AMTurk
34,TRUE,R_2D7IfWW3BRxINIk,28,Male,74.13,Yes,69.3,No,AMTurk
164,TRUE,R_2t4OD1UtDVXcepT,45,Male,70.38,Yes,60.32,No,AMTurk
23,TRUE,R_25RsNs1TazK6whn,27,Female,45.31,Yes,46.25,No,AMTurk
25,TRUE,R_2ccS7A6s9Xj4DG3,29,Female,45.58,Yes,40.88,No,AMTurk
319,TRUE,R_ReKVNLpZA0r4WD7,25,Male,70.51,Yes,70.51,No,AMTurk
27,TRUE,R_soHXKDbqHWSjQdP,27,Male,92.36,Yes,100,Yes,AMTurk
41,TRUE,R_qD6TjSWWYroSbfP,23,Male,66.89,Yes,68.36,No,AMTurk
64,TRUE,R_1C8Sck8JbdRmsD4,19,Female,92.36,Yes,70.78,No,AMTurk
226,TRUE,R_27WLlxTOQHNO4iL,59,Female,69.03,Yes,69.71,No,AMTurk
234,TRUE,R_2P6S9JJdkF0y2mn,30,Male,69.71,Yes,91.15,No,AMTurk
433,TRUE,R_22QYWYVRGwcxAuL,44,Male,20.24,Yes,70.64,No,AMTurk
268,TRUE,R_1mVgfGgHzjkYYs5,25,Female,75.34,Yes,95.04,No,AMTurk
22,TRUE,R_8GosAA5471tEiwV,35,Male,52.82,Yes,53.89,No,AMTurk
284,TRUE,R_2zYYPBX9YDZUGFz,36,Male,80,Yes,70.64,No,AMTurk
152,TRUE,R_2qDA8oOY3SlMwlj,29,Female,33.24,Yes,71.58,No,AMTurk
140,TRUE,R_Z45xsXSrKSpeEil,67,Female,93.03,Yes,97.86,No,AMTurk
43,TRUE,R_1pz1T1evAtPe4tT,30,Male,19.03,No,77.35,No,AMTurk
190,TRUE,R_31mbODNvUXjsHTs,40,Male,72.12,No,69.03,No,AMTurk
44,TRUE,R_10YGuPLNWwIjg88,28,Male,79.62,Yes,90.35,Yes,AMTurk
339,TRUE,R_2XdpcbO1tuIV5nt,25,Male,83.24,Yes,75.2,No,AMTurk
184,TRUE,R_1rjKHPQciLMjYa5,32,Male,80.03,Yes,40.75,No,AMTurk
120,TRUE,R_1JREiBVf3v6b4Rz,30,Male,81.5,Yes,79.09,No,AMTurk
54,TRUE,R_3nSniGiDQwS8GWB,34,Female,82.44,Yes,84.99,No,AMTurk
80,TRUE,R_2aDpSOmocrJjPYZ,28,Male,66.35,Yes,56.7,No,AMTurk
48,TRUE,R_2uCjpCf19ncHzg7,36,Male,58.71,Yes,58.58,No,AMTurk
180,TRUE,R_emLTlxn6KQhXEeR,23,Female,59.52,Yes,63.81,No,AMTurk
251,TRUE,R_2rw7dgLddPWuZDA,51,Male,17.96,No,91.69,No,AMTurk
303,TRUE,R_1LSbH1NTma63efj,38,Female,95.84,Yes,92.76,No,AMTurk
39,TRUE,R_2wa9813LjroL4Jn,42,Female,42.95,Yes,80.54,No,AMTurk
297,TRUE,R_OJVnnfmA3hDaoGB,24,Female,81.37,Yes,76.14,No,AMTurk
37,TRUE,R_urb4Dw5ooHefepz,63,Male,83.38,Yes,90.48,Yes,AMTurk
112,TRUE,R_2Ck9tbaX97Qzw7e,30,Male,55.23,Yes,55.36,No,AMTurk
68,TRUE,R_1kNzcn3AfFF0EVS,37,Female,41.96,Yes,45.71,No,AMTurk
39,TRUE,R_XkdP7VyJWtcgxKF,44,Female,71.58,No,78.69,No,AMTurk
96,TRUE,R_dmO0V5EfZtVkI6Z,23,Male,79.76,Yes,56.97,No,AMTurk
290,TRUE,R_3qTZxQnm2vSPXkA,41,Male,90.08,No,100,No,AMTurk
23,TRUE,R_2Vlqn91ISAtUzsd,35,Male,55.36,Yes,57.77,No,AMTurk
53,TRUE,R_25TuI32PhwPT9dV,28,Male,64.88,Yes,56.97,No,AMTurk
435,TRUE,R_2DMmtgffNjNKDk5,30,Male,59.65,Yes,86.86,No,AMTurk
38,TRUE,R_yWIsdIMRNmxGDgR,30,Male,69.44,Yes,69.84,No,AMTurk
119,TRUE,R_aawgJU6VpD8PNkd,28,Male,71.18,Yes,83.51,No,AMTurk
59,TRUE,R_A7px4DUiC8kttK1,34,Male,79.76,Yes,78.28,No,AMTurk
22,TRUE,R_2Vf38m7qv0UYzax,29,Male,79.36,Yes,77.88,Yes,AMTurk
165,TRUE,R_2YkNr93j12sh9tI,30,Male,69.57,Yes,61.13,No,AMTurk
56,TRUE,R_3lXpNgoer20QhBS,41,Male,83.51,Yes,87.27,No,AMTurk
528,TRUE,R_ONDQyJ7ONtV32OR,29,Male,95.71,Yes,93.43,No,AMTurk
130,TRUE,R_2rwkvODxJYR2Zbh,30,Male,62.33,Yes,68.9,No,AMTurk
315,TRUE,R_2zwIQbO5TkO3Uy9,29,Male,72.52,Yes,65.68,No,AMTurk
397,TRUE,R_27kt7ioejn6slnP,24,Male,100,Yes,67.02,No,AMTurk
41,TRUE,R_2SuGz0G7E62u1bS,26,Male,69.03,Yes,69.44,No,AMTurk
161,TRUE,R_2Xn9qIpEbe8Kfff,36,Female,50,Yes,50,No,AMTurk
210,TRUE,R_3qQDqEj7MAgABzE,38,Female,76.01,Yes,79.39,No,AMTurk
116,TRUE,R_3CB1Y4nueDEaigd,40,Male,73.19,Yes,84.32,No,AMTurk
427,TRUE,R_2axnqSKjrN3Hx4m,24,Female,73.86,Yes,90.75,No,AMTurk
117,TRUE,R_2zIln3jsAniuvRG,55,Female,80.03,Yes,90.88,No,AMTurk
174,TRUE,R_2EzwaUgrPSnGArP,31,Male,84.39,Yes,82.62,No,AMTurk
64,TRUE,R_BrWIzLNUEUP6Qvv,25,Female,71.45,Yes,71.72,No,AMTurk
112,TRUE,R_1Qufi3s9SiAmDCn,28,Male,82.04,Yes,76.41,No,AMTurk
31,TRUE,R_6yYkKjl8hkWer0l,62,Male,76.01,Yes,83.38,Yes,AMTurk
106,TRUE,R_2QokhyJu1S2bH0q,27,Male,80.56,Yes,72.12,No,AMTurk
55,TRUE,R_3kFzANjh7e74zS1,71,Male,83.24,Yes,82.71,No,AMTurk
27,TRUE,R_2XbWHXQzjlpNQb4,30,Male,61.13,Yes,69.71,No,AMTurk
128,TRUE,R_1jBQF3Zs8hIyGW4,22,Female,50,No,50,No,AMTurk
327,TRUE,R_31cpSdUbssz6VZG,33,Female,70.91,Yes,80.43,No,AMTurk
480,TRUE,R_2TtS8k3qcF9thlj,37,Female,35.12,Yes,50.13,No,AMTurk
200,TRUE,R_DpZVvC4SPaAPetb,26,Male,0,No,100,No,AMTurk
239,TRUE,R_2En4F6objBpLmx0,32,Male,61.13,Yes,91.42,No,AMTurk
93,TRUE,R_pMXUBZm3Gm2Od5T,32,Female,72.12,Yes,71.45,No,AMTurk
25,TRUE,R_2XhBOveOCbFp23G,27,Female,57.24,Yes,58.31,No,AMTurk
26,TRUE,R_1HeJ1ILR2PFk2a1,28,Female,84.18,Yes,74.93,Yes,AMTurk
28,TRUE,R_11aJVFshttl6Q9q,29,Male,55.76,Yes,56.57,No,AMTurk
157,TRUE,R_2AHEPaZtNUAZlQP,36,Female,50,Yes,50,No,AMTurk
208,TRUE,R_32SoCtHN3SVE5A6,31,Male,80.16,No,88.47,No,AMTurk
146,TRUE,R_Dq1LQ7lgNdPqV6p,54,Female,80.74,No,90.88,No,AMTurk
78,TRUE,R_2VpRqlb6f5q8JbD,32,Female,80.29,Yes,50,No,AMTurk
91,TRUE,R_p9mNcI7JUJqHU1H,45,Male,70.11,Yes,100,No,AMTurk
115,TRUE,R_3sulCZyRnMwkNOi,27,Female,80.58,Yes,100,No,AMTurk
32,TRUE,R_ywrw4IjPZVUXCPT,30,Male,57.1,Yes,99.73,No,AMTurk
117,TRUE,R_1BNaleohKZkLm3T,29,Male,88.61,Yes,91.1,No,AMTurk
43,TRUE,R_1mPE7t935Vk39qw,52,Male,91.29,Yes,67.16,No,AMTurk
122,TRUE,R_3FW2v1W03GKBGGq,27,Male,90.08,Yes,83.11,Yes,AMTurk
350,TRUE,R_yQG7kotZIC3nUT7,24,Male,72.12,Yes,71.58,No,AMTurk
49,TRUE,R_2E65Msn2qf4WOnM,36,Female,97.99,No,50,No,AMTurk
141,TRUE,R_3EDSv80pU2Hf7Tf,23,Female,95.44,Yes,96.11,No,AMTurk
285,TRUE,R_ZC4v0nko2TFuC6B,33,Female,18.26,No,83.89,No,AMTurk
64,TRUE,R_2abh9enbb8N19Df,29,Male,100,Yes,100,Yes,AMTurk
83,TRUE,R_3fkpNuSHIpzuN6c,36,Male,71.05,No,27.88,No,AMTurk
134,TRUE,R_26grDkakmLtDBs6,28,Female,100,No,80.43,No,AMTurk
42,TRUE,R_AjMDVQHEGEpUkIF,51,Male,66.49,Yes,80.56,Yes,AMTurk
249,TRUE,R_1QEKyEBl1YAgQKh,53,Female,60.05,Yes,60.05,No,AMTurk
75,TRUE,R_210QAvQpKzl5lx4,33,Female,76.38,Yes,61.07,No,AMTurk
133,TRUE,R_9LJ4urtPMmJyozn,30,Female,81.37,Yes,80.43,No,AMTurk
149,TRUE,R_1Ff84elRdWHdXtG,30,Male,38.2,No,58.31,No,AMTurk
102,TRUE,R_3fqIr1Py1BxCQfA,29,Male,83.47,Yes,43.86,No,AMTurk
35,TRUE,R_1jqP4fCw0X0m1La,25,Male,87.8,Yes,88.87,Yes,AMTurk
81,TRUE,R_vxzoronzpHFlow9,58,Male,10.05,No,72.39,No,AMTurk
35,TRUE,R_suoqXoD1QL2iKDn,32,Male,78.42,Yes,87.67,No,AMTurk
88,TRUE,R_2zoOFe84VGN9ZKt,26,Female,57.64,No,68.9,No,AMTurk
81,TRUE,R_3rVdzywpN1FmGtq,33,Male,82.98,Yes,81.23,No,AMTurk
323,TRUE,R_D7CiNaoWjW9jefv,33,Male,82.84,Yes,81.77,No,AMTurk
293,TRUE,R_1g11o07Djq7rGFy,35,Male,70.78,Yes,73.06,No,AMTurk
31,TRUE,R_1eCCLgh0Ga6nibz,27,Male,82.98,Yes,90.62,Yes,AMTurk
40,TRUE,R_Oxw0g85HD6T63Qd,28,Male,70.64,Yes,66.89,Yes,AMTurk
104,TRUE,R_PLo5wDk1dlMSqLT,46,Male,19.17,No,93.83,No,AMTurk
137,TRUE,R_1o5wum8Xuugoc4Q,31,Male,80.43,Yes,77.35,No,AMTurk
261,TRUE,R_2PhSWGeWVbqfVLa,30,Male,61.66,No,100,No,AMTurk
238,TRUE,R_1LeCdPvlf0tkaOo,26,Male,67.56,Yes,68.77,No,AMTurk
60,TRUE,R_2bObrbzYLWfidqW,40,Female,80.56,Yes,80.56,No,AMTurk
48,TRUE,R_r7uOvqMF5nuayLn,28,Male,90.62,Yes,81.23,Yes,AMTurk
103,TRUE,R_2w4ticYx7TnWU5p,27,Male,86.06,Yes,65.01,No,AMTurk
32,TRUE,R_3RwSOdU28M75MPE,30,Male,82.57,Yes,80.56,No,AMTurk
96,TRUE,R_27DPcxfACVwslFX,28,Male,83.65,Yes,70.38,No,AMTurk
101,TRUE,R_31Gg14uGgaHfkB1,33,Female,75.2,Yes,78.95,No,AMTurk
106,TRUE,R_3NCZxVi8cXawQjW,32,Female,76.41,Yes,74.53,No,AMTurk
526,TRUE,R_AzJLAgP3Rvwn4pH,28,Male,79.36,Yes,74.66,Yes,AMTurk
42,TRUE,R_2VamQgMNbndMyMJ,30,Male,81.1,Yes,32.57,No,AMTurk
179,TRUE,R_a8FKQRAxjaFyFKF,28,Male,50,Yes,89.54,No,AMTurk
80,TRUE,R_xo1kgolv2IFKoLf,29,Female,78.82,Yes,80.97,Yes,AMTurk
218,TRUE,R_sSbCnavCBtv3DTb,37,Male,72.65,Yes,100,No,AMTurk
163,TRUE,R_3stPGNVSSzj7bi2,28,Male,98.39,Yes,83.24,No,AMTurk
39,TRUE,R_2xFCj4cTljogqtv,28,Male,81.77,Yes,81.9,No,AMTurk
50,TRUE,R_1IQugQfOak01QAi,50,Male,87.13,Yes,79.89,No,AMTurk
25,TRUE,R_24kkWJPTu8DYShk,24,Female,79.89,Yes,81.37,No,AMTurk
146,TRUE,R_1f16tfcHdDSba5H,51,Male,39.14,No,91.29,No,AMTurk
36,TRUE,R_ANFOGNKdokvND5T,45,Male,81.5,Yes,89.28,No,AMTurk
48,TRUE,R_cDcrDXvekeNqmeR,33,Female,78.26,Yes,70.6,No,AMTurk
59,TRUE,R_3G6NhikFXGpRZdk,32,Female,33.11,No,85.92,No,AMTurk
329,TRUE,R_vq5nlSeTvfV0cdH,29,Female,74.8,Yes,73.99,No,AMTurk
41,TRUE,R_uagiRrJhepF4Imt,28,Male,81.77,Yes,81.77,No,AMTurk
233,TRUE,R_3KPyKEBDi4M3AAA,41,Female,70.51,Yes,80.43,No,AMTurk
71,TRUE,R_50gpklMh3UK9dux,33,Female,67.29,Yes,75.07,No,AMTurk
81,TRUE,R_3JJdTGx39UE8GEO,30,Male,73.06,Yes,68.5,No,AMTurk
70,TRUE,R_2VKHJ0aB73uGUMd,25,Male,100,Yes,100,No,AMTurk
190,TRUE,R_2tnDdUVgcRtGcly,28,Male,82.17,Yes,81.23,No,AMTurk
104,TRUE,R_1onAeVPMHQoIfER,43,Female,100,Yes,79.89,No,AMTurk
62,TRUE,R_3PvH7bIEv1ahQmW,27,Male,77.75,Yes,80.16,Yes,AMTurk
114,TRUE,R_2rx79PazI8HjkHv,36,Male,99.6,Yes,99.6,Yes,AMTurk
370,TRUE,R_sB74P6ZJ8K2wk5b,53,Female,75.6,Yes,60.32,No,AMTurk
118,TRUE,R_qXvmYOu3aQaK5YB,30,Female,87.39,Yes,90.39,No,AMTurk
241,TRUE,R_22MnaAJVDazl05T,49,Male,95.31,Yes,90.08,No,AMTurk
238,TRUE,R_9G2kYsqaNQoSRt7,43,Male,32.17,No,93.57,Yes,AMTurk
22,TRUE,R_3JC9Tu3izKjdTOR,20,Male,86.06,Yes,100,Yes,AMTurk
111,TRUE,R_4JdRzkf3Ic4rCCZ,34,Male,71.31,Yes,70.78,No,AMTurk
643,TRUE,R_2aXLGlFL31wXudf,28,Female,85.12,Yes,91.82,No,AMTurk
213,TRUE,R_3ly8fkn3LZIEKEi,33,Female,70.46,Yes,91.34,No,AMTurk
37,TRUE,R_ODPPiqHkjVgQk4F,25,Male,70.24,Yes,90.88,No,AMTurk
29,TRUE,R_1mUeQA4nTbKWtDL,30,Male,67.43,Yes,77.48,No,AMTurk
128,TRUE,R_26m6sBMZ1fWXZ06,37,Male,100,Yes,89.95,No,AMTurk
131,TRUE,R_1DMXaJYnfD2DYXw,48,Female,100,Yes,91.82,No,AMTurk
269,TRUE,R_2b35257l8xla2O6,62,Male,70.11,Yes,82.71,No,AMTurk
47,TRUE,R_1ogXkUjaVw6psnH,27,Male,86.06,Yes,78.02,No,AMTurk
28,TRUE,R_ebwcapbGlpAZ5bX,30,Male,36.46,Yes,73.99,Yes,AMTurk
444,TRUE,R_1QaVWdkRH3lygRP,30,Female,82.17,Yes,91.69,No,AMTurk
113,TRUE,R_3lXOY132N4Ee6w3,49,Male,89.68,Yes,90.75,Yes,AMTurk
233,TRUE,R_1i3zDeI5rdsn24Q,28,Male,82.71,Yes,81.37,No,AMTurk
144,TRUE,R_32WuakwAY0kOil0,28,Male,74.49,Yes,82.37,No,AMTurk
54,TRUE,R_2CeodZG7nGxRXBe,28,Female,59.92,Yes,66.49,No,AMTurk
32,TRUE,R_3qydVfr4EojSrMm,30,Male,78.69,Yes,71.31,No,AMTurk
68,TRUE,R_ApvQowMbs6pzuIp,28,Male,84.32,Yes,91.55,No,AMTurk
341,TRUE,R_2ZP66tQb12juGeo,45,Female,70.47,Yes,85.51,No,AMTurk
134,TRUE,R_3nP3nFLP59earml,32,Female,80.97,Yes,50,No,AMTurk
39,TRUE,R_31NT4wEoymgWDjy,30,Female,93.24,Yes,90.39,No,AMTurk
38,TRUE,R_3JrbyrxsafOoXHH,27,Female,58.04,Yes,58.45,No,AMTurk
160,TRUE,R_337OlswKp2eGzHs,30,Male,80.16,Yes,90.75,No,AMTurk
72,TRUE,R_3suKSr9ShkeDYV0,30,Male,80.61,Yes,70.77,No,AMTurk
122,TRUE,R_p0NlLrLEgE5ZpHX,34,Male,70.78,Yes,70.51,No,AMTurk
204,TRUE,R_2TTMo2HhSDnsrE8,39,Male,75.07,Yes,65.15,No,AMTurk
66,TRUE,R_3ixww0KJjMo2I0h,30,Male,75.2,Yes,72.52,Yes,AMTurk
25,TRUE,R_sbSMzL7AvHF6ZnH,28,Male,77.21,Yes,76.94,Yes,AMTurk
93,TRUE,R_4H37vbjuIRfJMUV,27,Male,87.67,Yes,90.75,No,AMTurk
195,TRUE,R_27vQMqWzDuEnySx,34,Male,90.08,Yes,55.9,No,AMTurk
153,TRUE,R_2fk9yA6T9wrG3K8,29,Female,79.09,Yes,92.76,No,AMTurk
144,TRUE,R_1qh9DrhMQJtzzSs,34,Female,100,Yes,97.99,No,AMTurk
129,TRUE,R_1Cg7vfmHRXLAdlo,52,Female,39.54,Yes,70.11,No,AMTurk
103,TRUE,R_1MSMWPnGlQE623Y,38,Male,78.69,Yes,80.03,No,AMTurk
55,TRUE,R_3kzGNPXJ2i2Qi5T,34,Male,92.23,Yes,80.97,No,AMTurk
29,TRUE,R_bQlbBGt8U4yFeIV,26,Female,58.12,Yes,61.48,No,AMTurk
53,TRUE,R_2xS52Lg89J516cK,32,Male,19.97,No,75.34,No,AMTurk
193,TRUE,R_3jSr6bxIAn2iFNK,37,Male,100,Yes,94.5,No,AMTurk
27,TRUE,R_1QyWLVsNM1dfsXo,25,Female,58.58,Yes,68.63,No,AMTurk
394,TRUE,R_2YhqcpzeEyiG5x0,29,Female,60.72,No,81.5,No,AMTurk
176,TRUE,R_1Q0H5Q1bmwymXQy,40,Male,100,Yes,100,No,AMTurk
32,TRUE,R_DowZs11Mxk9T4Ix,45,Male,70.24,Yes,90.21,Yes,AMTurk
88,TRUE,R_1gOcRd5Z7csQvl7,40,Prefer not to answer,100,Yes,100,No,AMTurk
138,TRUE,R_3dMMcn0B8uG2Q4D,24,Male,100,Yes,100,No,AMTurk
159,TRUE,R_suRostv5loyexuV,57,Female,90.88,Yes,82.84,No,AMTurk
677,TRUE,R_swdrBWicRYpAhFf,37,Male,61.21,Yes,67.38,Yes,AMTurk
72,TRUE,R_T5RrKZqnwkSiu8V,38,Female,19.97,No,76.81,No,AMTurk
101,TRUE,R_Oa5DdB9ozre3597,25,Male,82.44,Yes,82.31,No,AMTurk
188,TRUE,R_1GBaNPy4C5HFaTP,43,Male,100,Yes,100,No,AMTurk
946,TRUE,R_eOG8Gj977it5GBH,35,Male,37,Yes,60.32,Yes,AMTurk
135,TRUE,R_2cvxWCTfoGfBBmd,27,Female,90.21,Yes,80.29,No,AMTurk
25,TRUE,R_1K8AGDH2gfjZ655,30,Female,35.52,Yes,77.88,Yes,AMTurk
70,TRUE,R_1DJ97BBJbKM6a9d,41,Male,96.38,Yes,95.44,No,AMTurk
88,TRUE,R_8qQ7D0THU0wyuHv,29,Female,61.48,Yes,68.17,No,AMTurk
73,TRUE,R_1QGC0gAAmGcdKHq,26,Female,19.3,No,69.84,No,AMTurk
140,TRUE,R_3qOpOXNPUp3VVZM,37,Female,8.18,No,70.78,No,AMTurk
26,TRUE,R_3ksTlU4UPwtr1t1,39,Male,26.68,No,8.18,No,AMTurk
157,TRUE,R_1i5mfXsQX5LWsca,31,Female,77.05,Yes,77.52,No,AMTurk
199,TRUE,R_s6gNfwCaFMfIPjX,49,Female,80.83,Yes,81.1,No,AMTurk
63,TRUE,R_1kM0wW6Y1bdoMPR,35,Female,71.31,Yes,74.66,No,AMTurk
98,TRUE,R_2CjraUSqftA03Oq,41,Male,69.57,Yes,62.73,No,AMTurk
98,TRUE,R_2Yomh7PsQhSg754,29,Male,13.94,Yes,57.1,No,AMTurk
290,TRUE,R_3iEFgnagxk88d2s,21,Male,70.24,Yes,75.6,No,AMTurk
35,TRUE,R_2YY857iR7cWJ7g9,28,Female,70.64,Yes,69.3,No,AMTurk
48,TRUE,R_1jlwCY1XdFhcnNg,28,Male,67.02,Yes,74.26,Yes,AMTurk
68,TRUE,R_1rBsAb51EjiaFaT,21,Male,100,Yes,85.66,No,AMTurk
55,TRUE,R_3R3kiDaXZHNZ1Wj,45,Male,100,Yes,81.5,No,AMTurk
39,TRUE,R_3Ld4Dz5LeSW1284,29,Female,57.51,Yes,78.42,Yes,AMTurk
74,TRUE,R_2dtICdhxSECvNgq,34,Female,61.23,Yes,68.65,No,AMTurk
110,TRUE,R_1hEkXgZGfXxVKNi,26,Female,74.26,Yes,77.48,No,AMTurk
80,TRUE,R_3RfmxCC0GBl6V3t,27,Female,68.09,Yes,73.46,No,AMTurk
161,TRUE,R_1pEUQVDoPKET3vr,29,Male,70.11,No,80.7,No,AMTurk
113,TRUE,R_1gHM9Z4kyfGRlPa,69,Male,80.43,Yes,94.77,No,AMTurk
69,TRUE,R_2rqJvtz3M1klFMk,22,Male,83.91,Yes,64.88,No,AMTurk
40,TRUE,R_1CIRVw0ztEkFBS0,29,Male,74.93,Yes,88.87,No,AMTurk
92,TRUE,R_7UJuconPIQ4dopH,49,Female,100,Yes,100,Yes,AMTurk
85,TRUE,R_1IuArNXBhHnMXtL,26,Female,40.88,Yes,60.46,Yes,AMTurk
133,TRUE,R_2wBO5g7coAqjPMX,29,Female,15.42,Yes,84.85,No,AMTurk
216,TRUE,R_3lxWMD1XRYNWlTh,57,Male,40.21,Yes,87.67,No,AMTurk
442,TRUE,R_tGw78cKhe6oCs1P,33,Female,81.1,No,92.23,No,AMTurk
127,TRUE,R_1l66a1yUKHp31dP,25,Male,88.47,Yes,91.42,No,AMTurk
192,TRUE,R_1LIRpIE3eGslm6v,31,Male,80.16,Yes,80.83,No,AMTurk
226,TRUE,R_1gq1OgJ5DGHiaRh,22,Male,100,No,100,No,AMTurk
21,TRUE,R_pRhHFnVZ2T76y2d,28,Female,69.97,Yes,71.45,Yes,AMTurk
109,TRUE,R_2EH75elTnwnBXjW,30,Female,40.48,No,70.51,No,AMTurk
51,TRUE,R_1G30MI7aomJCehX,49,Female,100,Yes,100,No,AMTurk
41,TRUE,R_2w18aPYeYeI1Zbc,29,Male,20.51,Yes,46.65,No,AMTurk
143,TRUE,R_3kGhQfpHtfRWBmF,47,Male,20.64,No,85.12,No,AMTurk
153,TRUE,R_CkOe6kQSO3wlc7n,38,Male,100,Yes,100,No,AMTurk
71,TRUE,R_1dh5Wq2690d0tNE,29,Male,11.66,Yes,52.01,No,AMTurk
80,TRUE,R_27g4AAtLtTPJA5Q,39,Male,76.94,No,79.09,No,AMTurk
142,TRUE,R_1QFUaZBhD9ZfAdG,37,Male,7.37,Yes,55.9,No,AMTurk
124,TRUE,R_1M56kGHPG9RG2tM,30,Male,78.55,Yes,82.44,No,AMTurk
174,TRUE,R_1isxWhMAhauFT7G,34,Female,69.71,No,23.59,No,AMTurk
59,TRUE,R_SBR9pA8AxYRpUWZ,32,Female,38.47,Yes,0,No,AMTurk
50,TRUE,R_2zdVwlCY2Sn5rub,31,Male,75.47,Yes,77.35,No,AMTurk
146,TRUE,R_6XTz1wrsBnntbup,29,Female,20.61,No,77.36,No,AMTurk
151,TRUE,R_3j0Pfm3EjB5krM0,44,Male,76.81,Yes,77.88,No,AMTurk
24,TRUE,R_1qXrllacpDIHnPZ,29,Female,38.87,Yes,54.02,Yes,AMTurk
158,TRUE,R_2VxATed9qsH1d1F,39,Female,72.05,Yes,65.97,No,AMTurk
118,TRUE,R_1NepN26ez45C1Fn,56,Female,70.64,Yes,82.57,No,AMTurk
102,TRUE,R_3q7zlfQtK5DWsFj,41,Female,69.03,Yes,82.31,No,AMTurk
28,TRUE,R_31jctzCSc41xqqR,30,Male,85.39,Yes,72.39,Yes,AMTurk
178,TRUE,R_3kaIymHoVdrYCKs,32,Male,65.01,Yes,75.2,No,AMTurk
85,TRUE,R_1ff6smBgiEG1cV8,33,Male,82.84,Yes,79.49,No,AMTurk
92,TRUE,R_3oY0O27Iaqr7tbe,38,Male,69.84,Yes,85.25,No,AMTurk
111,TRUE,R_3G83gGX9u7y7sjS,34,Male,74.66,Yes,78.42,No,AMTurk
219,TRUE,R_1Q64NRmKk7IX3Ao,43,Male,20.11,No,80.83,No,AMTurk
97,TRUE,R_2Qg5t91JtXw7MWq,38,Male,76.14,Yes,78.15,No,AMTurk
94,TRUE,R_ApP11hyyPxnDqOl,29,Male,55.23,Yes,62.2,No,AMTurk
428,TRUE,R_2Sv4dcP9QPlXxvB,35,Male,20.64,Yes,92.17,No,AMTurk
185,TRUE,R_xyK9uHjoSSyuS6R,54,Male,80.97,Yes,92.36,No,AMTurk
100,TRUE,R_216YdHayTib6WQy,29,Male,31.9,Yes,79.09,No,AMTurk
97,TRUE,R_1dAJs27p8bpJjcT,26,Male,100,Yes,66.09,No,AMTurk
117,TRUE,R_2ziiGxrhk7ySfOW,29,Male,67.29,Yes,19.71,No,AMTurk
88,TRUE,R_3KUZAIXev0slp37,21,Male,47.72,Yes,27.08,No,AMTurk
334,TRUE,R_2UVM68roB2MH9q6,30,Male,9.57,No,94.95,No,AMTurk
165,TRUE,R_2Y4TRZkpmg4LQiX,61,Male,100,Yes,60.59,Yes,AMTurk
48,TRUE,R_2B9kk8IfoBv0Rz0,26,Female,70.91,Yes,40.21,No,AMTurk
70,TRUE,R_DqR2VkcnoZNWrN7,39,Female,66.76,Yes,63.94,No,AMTurk
133,TRUE,R_20SQqPfI7oHxnPx,36,Male,67.29,Yes,66.22,No,AMTurk
81,TRUE,R_xgBQ8S8C31AFA5j,28,Male,61.39,Yes,73.59,No,AMTurk
22,TRUE,R_3CBGJeR7g6Msh2j,28,Male,62.2,Yes,39.68,No,AMTurk
131,TRUE,R_2R8I9esTI3aq7Vz,29,Male,85.25,Yes,100,No,AMTurk
27,TRUE,R_CgzkJFqMiXOFvNv,35,Male,78.95,Yes,94.64,No,AMTurk
43,TRUE,R_3EHn0AyyWcKCdjJ,30,Male,9.31,No,90.96,No,AMTurk
119,TRUE,R_Rai1y1GATmbRCV3,30,Male,88.47,No,91.82,No,AMTurk
166,TRUE,R_1LGXHMWtPmZb9E8,30,Female,50,No,29.89,Yes,AMTurk
122,TRUE,R_1fjyVOgjgg8g8So,54,Male,10.61,No,60.72,No,AMTurk
145,TRUE,R_1NsKbNkEpMaDBl6,36,Male,71.18,Yes,87.4,No,AMTurk
135,TRUE,R_beFsUeGSth1DGAp,52,Male,1.74,No,94.24,No,AMTurk
69,TRUE,R_1eRIbPnvjRPSoRa,30,Female,100,Yes,100,Yes,AMTurk
45,TRUE,R_2wtT2EMyoehfiYA,25,Male,64.61,Yes,40.62,No,AMTurk
314,TRUE,R_2wghahXpDZ32mRM,20,Female,32.57,Yes,100,No,AMTurk
243,TRUE,R_2R96BgGRjbteY2f,46,Female,50,No,60.05,No,AMTurk
250,TRUE,R_10x7QD32WXdElo8,31,Male,82.71,No,98.39,No,AMTurk
67,TRUE,R_3RqtjWg8inOa1yZ,31,Male,78.55,Yes,78.55,No,AMTurk
105,TRUE,R_3NEf3SmQphVrI9u,22,Male,58.44,Yes,70.64,Yes,AMTurk
318,TRUE,R_3fGyoRmYanQfAGY,37,Male,100,Yes,100,No,AMTurk
521,TRUE,R_UM9h3wtzSBtqkw1,36,Female,67.12,No,65.17,No,AMTurk
157,TRUE,R_3qHIzk2eZbHiBEc,32,Female,59.25,Yes,40.75,No,AMTurk
121,TRUE,R_2CJN0mXImIgskRa,61,Male,5.36,No,83.51,No,AMTurk
123,TRUE,R_2fD6DMyrFQqXiwD,45,Male,81.64,Yes,78.02,No,AMTurk
126,TRUE,R_2sKHajQ2bBL0j0l,40,Male,100,Yes,50,No,AMTurk
31,TRUE,R_3nMC5nfPkqTuP0e,24,Female,60.21,Yes,62.01,No,AMTurk
88,TRUE,R_2eQZI2NJ3kyb1M3,30,Male,18.36,No,31.23,No,AMTurk
32698,TRUE,R_3FIFDdzDXhDQs2x,62,Male,77.75,Yes,100,No,AMTurk
175,TRUE,R_3EcMp2kNdayCWN1,46,Female,90.08,Yes,90.48,No,AMTurk
100,TRUE,R_0O2i3cgtUavEPYJ,31,Male,98.93,Yes,98.79,No,AMTurk
222,TRUE,R_2ayJLMp1Buzn0fB,38,Male,63.81,Yes,73.06,No,AMTurk
23,TRUE,R_3fwaxR32nWNt8l6,24,Male,62.2,Yes,82.84,Yes,AMTurk
75,TRUE,R_2asib5vIhnCZREK,44,Female,96.73,Yes,99.79,No,AMTurk
108,TRUE,R_1kII4BoLz8yoPPD,33,Female,76.72,Yes,68.66,No,AMTurk
84,TRUE,R_3h4JDaWZXPwuzPL,26,Female,24.93,No,60.05,No,AMTurk
199,TRUE,R_1I5HvCra4eQpLu3,24,Male,96.38,Yes,95.84,No,AMTurk
183,TRUE,R_33EjylXZnv1gmU4,38,Female,29.62,No,60.29,No,AMTurk
526,TRUE,R_2SBKn5mnxMC2pr7,33,Male,70.24,Yes,90.88,No,AMTurk
118,TRUE,R_3suYKp67LeBaAQj,30,Male,93.3,Yes,75.07,No,AMTurk
289,TRUE,R_2bM0xm82g4S5rSV,32,Male,92.63,Yes,90.08,No,AMTurk
116,TRUE,R_1QMKWTOuMfL8UYg,35,Prefer not to answer,67.29,Yes,58.18,No,AMTurk
166,TRUE,R_AjoMkGjJE37er7P,31,Female,97.91,Yes,86.19,No,AMTurk
39,TRUE,R_1H2eTbswTGsPJlf,34,Male,71.98,Yes,69.3,No,AMTurk
179,TRUE,R_3jTfuJ6uWOisT3F,39,Male,90.12,Yes,80.87,No,AMTurk
440,TRUE,R_3hbjykZxwpOfPOC,60,Male,80.29,Yes,81.1,No,AMTurk
234,TRUE,R_3mlOUFe6igAjrLw,28,Male,60.85,Yes,85.23,No,AMTurk
37,TRUE,R_3D0bnRA7PWd2aMq,42,Female,100,Yes,100,Yes,AMTurk
303,TRUE,R_VNXBg4HVcYzIZQl,31,Male,50.13,Yes,59.92,No,AMTurk
147,TRUE,R_1feDsvPndrL8ybD,44,Female,80.56,Yes,100,No,AMTurk
104,TRUE,R_sG5fMkVnyiyy4zn,26,Male,31.1,Yes,81.5,No,AMTurk
161,TRUE,R_Ol1gp7M1FTRlE1b,27,Male,40.08,No,80.03,No,AMTurk
97,TRUE,R_1dc2vMpPevp1F1N,44,Male,80.16,No,91.42,No,AMTurk
49,TRUE,R_3e8EEScykDKgcQ8,53,Male,93.97,Yes,90.62,No,AMTurk
90,TRUE,R_22lZaEG1RA526s9,34,Male,89.81,Yes,95.71,No,AMTurk
141,TRUE,R_1msFElWvRrsKMsE,46,Female,72.79,Yes,73.59,No,AMTurk
31,TRUE,R_1kXlsXXBJ5GdHht,31,Male,70.24,Yes,87,No,AMTurk
117,TRUE,R_XoljsBRK2pTKr2F,25,Male,81.23,Yes,81.37,No,AMTurk
346,TRUE,R_3e2lW6vbPgSZxW8,49,Male,100,Yes,70.51,No,AMTurk
124,TRUE,R_3O06NwKMLVwBguP,26,Female,60,Yes,70.45,No,AMTurk
35,TRUE,R_1CpRlvsnLIThZj1,31,Male,34.85,Yes,65.42,Yes,AMTurk
189,TRUE,R_2wSJyNOge7ZZxlt,27,Female,91.22,Yes,96.28,No,AMTurk
216,TRUE,R_1I4MkKCLjY2EcSW,35,Male,82.31,Yes,89.95,No,AMTurk
259,TRUE,R_3GCZNc3nm7j527r,34,Male,100,Yes,100,No,AMTurk
152,TRUE,R_2y11v6kvKnBkzqb,54,Male,77.48,Yes,99.46,No,AMTurk
81,TRUE,R_1eXKbjqhdVOYUe2,55,Female,100,Yes,91.42,No,AMTurk
138,TRUE,R_33rwpNB7Z5rofgj,26,Female,70.78,Yes,75.6,No,AMTurk
73,TRUE,R_1NgKE9Hh87AuDGb,36,Male,38.38,Yes,62.97,No,AMTurk
89,TRUE,R_1Qo537Z5AtQETaU,31,Male,80.03,Yes,60.05,No,AMTurk
91,TRUE,R_1ILd7BkBCXjNu7M,27,Male,55.76,No,18.77,Yes,AMTurk
532,TRUE,R_2doSL1nSZzsghMy,27,Male,85.52,Yes,82.04,No,AMTurk
84,TRUE,R_QbS5ytyDpsB30Rz,44,Female,75.09,Yes,90.05,No,AMTurk
191,TRUE,R_2ZUidDkRySHOhni,30,Female,62.47,Yes,83.78,Yes,AMTurk
53,TRUE,R_1OwMvgJ1q33KI9P,58,Female,39.95,Yes,62.73,No,AMTurk
112,TRUE,R_3D6BkDqJeNb1dpP,28,Male,69.03,No,87,No,AMTurk
247,TRUE,R_25ve3nKFxIjOTFh,51,Female,90.96,Yes,85.75,No,AMTurk
47,TRUE,R_1ez0hGMyALwrnji,26,Male,81.23,Yes,88.87,No,AMTurk
151,TRUE,R_3paRHmtwwwmbUNm,25,Female,34.32,Yes,34.85,No,AMTurk
168,TRUE,R_3gRe1W0g6c6H26m,29,Male,50,No,66.76,No,AMTurk
244,TRUE,R_241nU0CIykBJdii,46,Female,78.95,Yes,61.26,No,AMTurk
662,TRUE,R_1gN0hQUqfY45iqG,55,Male,90.35,No,93.3,No,AMTurk
225,TRUE,R_stHL3u2vdQAK2ul,33,Male,63.4,Yes,100,No,AMTurk
238,TRUE,R_e8uqY0wqR3bgsZH,67,Female,82.44,Yes,81.5,No,AMTurk
150,TRUE,R_1oF1Sc5wBeVAjjL,30,Male,80.29,Yes,80.97,No,AMTurk
93,TRUE,R_3ESWghM4KBhsp11,39,Male,79.62,Yes,74.26,No,AMTurk
66,TRUE,R_2WMsXYEMXijWDlN,34,Female,78.02,No,66.35,No,AMTurk
133,TRUE,R_3eep5l6bAS5NvAE,35,Male,63.54,Yes,31.9,No,AMTurk
463,TRUE,R_2xE5ZlIAYWVdB2T,20,Male,81.64,Yes,81.37,No,AMTurk
144,TRUE,R_3n8mNdzow49ASDC,25,Male,71.05,Yes,91.69,No,AMTurk
70,TRUE,R_3nCRE8UrcczRjDH,24,Male,40.21,No,61.26,No,AMTurk
73,TRUE,R_3PMmaDh2rzUO7LT,33,Male,64.88,Yes,88.2,No,AMTurk
59,TRUE,R_2BheGv19TNdGqv0,24,Female,10.99,No,78.15,No,AMTurk
191,TRUE,R_2qefSaLDvNB7ad4,33,Male,17.83,No,80.97,No,AMTurk
52,TRUE,R_2rCko77Cujtg8XY,25,Female,30.77,No,63.73,No,AMTurk
168,TRUE,R_2U3FfNW9EoZKEz3,64,Male,35.97,No,22.68,No,AMTurk
134,TRUE,R_3qBvbdicyfzr1tA,64,Female,85.12,Yes,65.28,No,AMTurk
64,TRUE,R_3CNL7wbsua87kaR,26,Female,73.19,Yes,55.23,No,AMTurk
30,TRUE,R_TiP0ARX5AUEKjYd,25,Male,80.56,Yes,90.88,No,AMTurk
89,TRUE,R_2w5ZtFPwg3FHowu,24,Male,33.11,No,18.5,No,AMTurk
160,TRUE,R_20PdpzUFjg7G9RM,36,Male,50,Yes,50,No,AMTurk
115,TRUE,R_1mWM4dFwP6ktA50,27,Male,28.69,No,60.59,No,AMTurk
185,TRUE,R_3hsCQ278fkhQIi7,28,Male,82.04,Yes,64.88,Yes,AMTurk
140,TRUE,R_2aWcJVLsilmKx2B,31,Female,61.53,No,48.79,No,AMTurk
55,TRUE,R_3GrZSEizQDdNfqy,25,Male,81.1,Yes,84.85,No,AMTurk
244,TRUE,R_3nHlLpuvOlFqK5x,41,Female,88.47,Yes,85.25,No,AMTurk
45,TRUE,R_1QH5yllcdt2P8zy,25,Male,70.51,Yes,72.79,Yes,AMTurk
159,TRUE,R_2tm3CGWpogOIugj,72,Male,95.17,Yes,94.91,No,AMTurk
204,TRUE,R_PvdFD1SzE0JhjP3,32,Male,95.71,No,91.15,No,AMTurk
38,TRUE,R_tJTMqnmTO5Ntlrb,25,Male,83.24,Yes,80.7,No,AMTurk
47,TRUE,R_2feoeP7vRRPiqpP,25,Male,78.55,Yes,82.31,Yes,AMTurk
72,TRUE,R_2abOOmk0vqqnZk3,25,Male,69.84,Yes,77.88,No,AMTurk
30,TRUE,R_2YS3NSnjj7WecTJ,34,Male,99.06,Yes,93.43,No,AMTurk
40,TRUE,R_d6WmTwrYQp7cNjz,24,Male,95.58,Yes,96.92,Yes,AMTurk
204,TRUE,R_1ilppB4zqY0qSLI,29,Female,70.44,Yes,66.19,No,AMTurk
266,TRUE,R_27mqAFrgGjqNTvl,25,Male,30.16,No,80.03,No,AMTurk
497,TRUE,R_2X6S55OnSeB7UAl,27,Male,90.21,Yes,80.97,No,AMTurk
639,TRUE,R_1OVpaGiuZF4BKkJ,35,Male,84.99,Yes,78.69,No,AMTurk
27,TRUE,R_1jNEhVHSzLVGDDh,25,Male,78.82,Yes,81.77,No,AMTurk
33,TRUE,R_8d1FwYRcY1mY5sR,24,Male,93.43,Yes,95.44,Yes,AMTurk
55,TRUE,R_eyctzHG6hWNqJ69,36,Male,72.92,Yes,90.88,No,AMTurk
259,TRUE,R_3qPOtHAr0aEyV91,64,Female,75.2,No,86.06,No,AMTurk
52,TRUE,R_3g5RBM0CtAIQwDz,25,Male,77.08,Yes,76.54,No,AMTurk
188,TRUE,R_pH0HTVBarkzgYaB,34,Male,90.08,Yes,70.24,No,AMTurk
150,TRUE,R_2QZ3A9XZqsFNRkZ,31,Male,82.71,Yes,92.63,No,AMTurk
401,TRUE,R_3OoEDqkgJxd42RC,30,Male,72.21,Yes,86.12,No,AMTurk
80,TRUE,R_1i8TIHqN7db3PLb,30,Male,74.8,Yes,80.83,No,AMTurk
121,TRUE,R_3IYkWG2jAw3Fljz,29,Male,61.26,Yes,81.37,Yes,AMTurk
73,TRUE,R_1LbxnxmaeaB4Dop,34,Female,70.91,Yes,13.67,No,AMTurk
173,TRUE,R_U9ZFAOpK7mynjrP,58,Male,16.62,No,87.94,No,AMTurk
38,TRUE,R_3efb75IHUzqrnsi,24,Female,97.32,Yes,91.96,Yes,AMTurk
53,TRUE,R_1CsyAvoXpa5hJ4O,24,Female,95.31,Yes,94.1,Yes,AMTurk
36,TRUE,R_a99tFNYrBW1WuWJ,24,Female,90.21,Yes,92.09,Yes,AMTurk
37,TRUE,R_2uspcAFFetXUAyY,24,Female,94.91,Yes,98.66,Yes,AMTurk
85,TRUE,R_2a9RA3kynJeQDvc,52,Male,46.92,Yes,41.96,No,AMTurk
70,TRUE,R_1GKBEJsTWAH2gUC,41,Female,82.04,Yes,92.9,No,AMTurk
188,TRUE,R_3sn1sqDb5fgabmv,28,Female,100,Yes,100,No,AMTurk
26,TRUE,R_2dziLAvQgIIc11C,24,Female,96.11,Yes,94.1,Yes,AMTurk
142,TRUE,R_0fEzO8Zzkdqn8qZ,46,Female,92.63,Yes,95.17,No,AMTurk
111,TRUE,R_290sYlEWZTPLUPn,54,Female,100,Yes,93.43,No,AMTurk
23,TRUE,R_2qlqv1PujVOoprM,24,Female,95.58,Yes,97.72,Yes,AMTurk
25,TRUE,R_7263wQGjhyeRCpj,24,Male,95.44,Yes,94.77,No,AMTurk
68,TRUE,R_3hyEj0IP0Sa0iNJ,24,Female,93.97,Yes,92.63,Yes,AMTurk
181,TRUE,R_3frBSuVjrTwULUG,68,Prefer not to answer,76.54,Yes,75.47,No,AMTurk
120,TRUE,R_bkqzmOurU1p7o9H,49,Male,75.6,Yes,77.88,No,AMTurk
95,TRUE,R_24MZ53yUMj6l2T9,40,Female,81.1,Yes,98.26,No,AMTurk
22,TRUE,R_d5PGDZIqVWJkCrv,24,Female,93.83,Yes,95.31,Yes,AMTurk
80,TRUE,R_Z1twQrdBoSEInSx,24,Female,93.03,Yes,92.23,Yes,AMTurk
47,TRUE,R_3dGPtU1BEh0WANV,34,Male,100,Yes,100,No,AMTurk
29,TRUE,R_1LZs55OrUBW7wBe,28,Female,65.97,Yes,50.15,No,AMTurk
166,TRUE,R_1LNoA6wrVctd5db,37,Male,75.07,Yes,95.31,No,AMTurk
34,TRUE,R_2VqGAHJ3A1scrde,24,Female,95.04,Yes,96.38,Yes,AMTurk
41,TRUE,R_3Rvxay9RcCbV7ZF,24,Female,95.58,Yes,95.44,Yes,AMTurk
24,TRUE,R_WkY10WIu1guh6Eh,24,Male,94.37,Yes,96.51,Yes,AMTurk
144,TRUE,R_1JRdA6k3pfkz5DR,39,Female,80.52,Yes,77.05,No,AMTurk
37,TRUE,R_3nepagokdVuFuL8,24,Female,93.83,Yes,91.15,Yes,AMTurk
152,TRUE,R_331iaHDYZp8REBB,34,Male,100,Yes,100,No,AMTurk
270,TRUE,R_3iqHUUsdQLBBzHC,47,Female,100,Yes,80.15,No,AMTurk
32,TRUE,R_2OJhWQuWS5pj4wQ,24,Female,92.23,Yes,93.3,Yes,AMTurk
203,TRUE,R_vB87q6jwDcb7dv3,66,Female,70.64,Yes,50,No,AMTurk
38,TRUE,R_1gbBd8FspggMwR8,24,Female,97.32,Yes,97.59,Yes,AMTurk
21,TRUE,R_1FhNPKH5ywQf1qn,41,Male,67.96,Yes,70.24,Yes,AMTurk
30,TRUE,R_3EtAApC8GVKZn3Z,24,Female,93.16,Yes,95.17,Yes,AMTurk
68,TRUE,R_2e8RSVqR1mgViQ6,23,Male,67.02,Yes,73.86,No,AMTurk
100,TRUE,R_1CvDUjI0ptCMcgY,39,Female,82.31,Yes,78.02,No,AMTurk
24,TRUE,R_3J4LcjnAFAhqNsv,24,Female,94.37,Yes,91.42,Yes,AMTurk
26,TRUE,R_1Ky8JnblTEvW4cF,24,Female,91.82,Yes,95.17,Yes,AMTurk
24,TRUE,R_3JIfwW8AbXM56pr,24,Female,94.24,Yes,96.78,Yes,AMTurk
31,TRUE,R_bHsTQV5pCvN33q1,24,Female,93.03,Yes,95.04,Yes,AMTurk
202,TRUE,R_1mydbn3wyeP3Pf2,32,Female,74.76,Yes,33.73,No,AMTurk
32,TRUE,R_wZP7rMfQVIzNvzj,24,Male,94.5,Yes,95.04,Yes,AMTurk
91,TRUE,R_aWA9p1a7vnhjUMp,31,Male,69.3,Yes,81.1,No,AMTurk
230,TRUE,R_2v2jrpYv1A4s8Sx,23,Male,100,Yes,85.25,No,AMTurk
30,TRUE,R_3ELM0E6MPPs2V61,25,Male,69.03,Yes,61.53,Yes,AMTurk
112,TRUE,R_2EfPmk0Nd7yvQHT,29,Female,50.4,No,24.93,No,AMTurk
42,TRUE,R_2z77eDO1AGPtrRH,24,Female,93.43,Yes,93.16,Yes,AMTurk
39,TRUE,R_O2WkNl5yxzu4l21,24,Female,95.58,Yes,93.7,Yes,AMTurk
21,TRUE,R_1fdcMDVNT0l8EQa,24,Male,56.84,Yes,63.27,Yes,AMTurk
27,TRUE,R_233JqFnDpNxgyjv,24,Female,66.49,Yes,68.9,No,AMTurk
263,TRUE,R_2pPRY6HjTIb7EiI,34,Male,90.35,Yes,90.35,No,AMTurk
25,TRUE,R_2YKwIsaL1DbqA54,25,Male,58.71,Yes,62.2,Yes,AMTurk
220,TRUE,R_3dXEGHQ4t4W9JTh,28,Female,90.46,Yes,81.19,No,AMTurk
229,TRUE,R_3EVZcmTyoa5Y88V,54,Male,71.18,Yes,64.34,No,AMTurk
71,TRUE,R_10DwOJhjBFd5aSu,24,Female,94.37,Yes,92.76,Yes,AMTurk
383,TRUE,R_1PclYlDDDWhMF2b,40,Male,57.77,No,56.7,No,AMTurk
271,TRUE,R_2RP2xY7NYzBNqYl,35,Female,80.83,Yes,95.31,No,AMTurk
44,TRUE,R_3iqiHVaOlvRdElw,25,Male,20.64,Yes,80.29,No,AMTurk
103,TRUE,R_1DtCczYQG0O5k38,35,Female,80.07,No,90.39,No,AMTurk
52,TRUE,R_06clm5JnLINMQdH,25,Male,73.99,Yes,75.07,Yes,AMTurk
177,TRUE,R_rduCxRlMVehgYXD,63,Female,90.34,Yes,65.64,No,AMTurk
2767,TRUE,R_3kO4GWrDdxy1ZiT,39,Male,100,Yes,100,No,AMTurk
49,TRUE,R_1q8ROOHnHqIwYdL,28,Male,54.96,Yes,60.46,No,AMTurk
295,TRUE,R_ZrcNu785qF2Q8wN,55,Female,79.76,Yes,80.29,No,AMTurk
119,TRUE,R_1joJMOmHZB27SPu,63,Male,85.5,Yes,80.27,No,AMTurk
151,TRUE,R_30ddg9HAPKAxEiA,26,Male,73.06,Yes,64.21,No,AMTurk
41,TRUE,R_2rGe8zHn3j4CHNo,36,Male,82.84,Yes,64.48,No,AMTurk
234,TRUE,R_5msFjD2hmLMk7jX,31,Female,75.2,Yes,90.75,No,AMTurk
173,TRUE,R_w0Ou1lRpvTo50vT,31,Female,73.56,No,65.56,No,AMTurk
109,TRUE,R_2PqboFS5NY4liVU,39,Male,19.57,No,80.56,No,AMTurk
248,TRUE,R_2dnbwMwK0boK3Uk,30,Male,30.03,Yes,75.07,No,AMTurk
179,TRUE,R_1IYEUJvwTXj4wI2,74,Male,19.97,No,61.39,No,AMTurk
135,TRUE,R_3Pk4AQJEvo92UlX,52,Female,42.23,No,82.77,No,AMTurk
98,TRUE,R_Cm3OUPeRR3dfIt3,19,Female,72.12,Yes,90.88,No,AMTurk
222,TRUE,R_DkmlNjWiyhUSDzH,57,Female,70.11,Yes,81.1,No,AMTurk
39,TRUE,R_bHKyABiix6rwEvv,26,Female,57.1,Yes,55.36,Yes,AMTurk
159,TRUE,R_3KDeUp4ueGgMAJG,22,Female,55.23,Yes,80.83,No,AMTurk
325,TRUE,R_3PEP2ChMoALi2xv,36,Male,90.2,Yes,65.33,No,AMTurk
530,TRUE,R_2yrbH9ZWcU6Jks6,29,Female,63.94,Yes,36.19,No,AMTurk
21,TRUE,R_5tDC51RmLO035F7,30,Male,80.56,Yes,83.11,Yes,AMTurk
178,TRUE,R_1hGCVTCjxhZgX1S,40,Male,30.79,No,75.09,No,AMTurk
332,TRUE,R_21dpljTFgVP13Ec,68,Female,100,Yes,100,No,AMTurk
520,TRUE,R_2D6bNJr1VTsRLFh,30,Male,90.08,No,40.75,No,AMTurk
139,TRUE,R_20704RJyu0CD7YB,31,Male,18.9,No,80.83,No,AMTurk
232,TRUE,R_1g71oBfzAeU8OQ9,30,Male,76.54,Yes,71.45,No,AMTurk
392,TRUE,R_1feCEcb2dAoiIrb,38,Male,85.39,Yes,95.17,No,AMTurk
157,TRUE,R_2CZlotnK4qqzmVs,30,Female,89.13,No,100,No,AMTurk
136,TRUE,R_25MF1G5CEJgnfO5,34,Female,63.41,Yes,82.83,No,AMTurk
328,TRUE,R_7UowFt5zoUmhAHv,38,Male,60.19,Yes,68.9,No,AMTurk
82,TRUE,R_1jTzxGblh9SDxBm,43,Female,93.4,Yes,85.46,No,AMTurk
74,TRUE,R_12hDfr9MAWs4cRQ,42,Female,42.09,No,39.68,No,AMTurk
266,TRUE,R_ZJInJ9OLgwb4fSh,30,Male,31.32,No,82.09,Yes,AMTurk
215,TRUE,R_W9BB46fS2xk3l6x,39,Female,95.04,Yes,100,No,AMTurk
68,TRUE,R_2Cmnw3Jw78MArtt,21,Female,90.21,Yes,73.32,No,AMTurk
336,TRUE,R_DIylkQKRYKTm4EN,37,Female,50.27,Yes,81.37,No,AMTurk
376,TRUE,R_2xxzSA52KVyjU5E,41,Female,82.57,Yes,83.38,Yes,AMTurk
137,TRUE,R_2cpC5pkzLc1Lii9,30,Female,98.53,No,97.59,No,AMTurk
98,TRUE,R_2qDwahldZZsejIl,36,Male,100,No,90.08,No,AMTurk
250,TRUE,R_27JzCOiunxGkaiA,40,Female,100,Yes,100,No,AMTurk
34,TRUE,R_2alyPtNW4I6vZhk,26,Male,58.04,Yes,60.19,Yes,AMTurk
129,TRUE,R_Q4CNi7kC9ZUMXVn,32,Male,57.64,No,79.49,No,AMTurk
38,TRUE,R_2cbzU6MuosMr2Yw,44,Male,83.78,Yes,81.64,No,AMTurk
231,TRUE,R_1dskzvYztqbgeKz,41,Male,80.29,Yes,70.24,No,AMTurk
177,TRUE,R_1r0IYIftgKwSrVT,39,Female,70.24,Yes,86.19,No,AMTurk
130,TRUE,R_2qgguCZEVJYWEGB,23,Male,81.1,Yes,60.59,No,AMTurk
80,TRUE,R_2rpjMpBm9pFcKCc,29,Male,69.97,Yes,75.74,Yes,AMTurk
80,TRUE,R_2zNHsHwwfjnmHwe,41,Female,75.07,Yes,54.15,No,AMTurk
45,TRUE,R_3s6O9QQtIBG3m4Z,28,Male,80.7,Yes,80.56,Yes,AMTurk
51,TRUE,R_3hgw4yiacjtC6SK,29,Male,71.58,Yes,60.86,No,AMTurk
273,TRUE,R_2tu935dPBRSZONP,30,Male,85.12,Yes,89.95,No,AMTurk
596,TRUE,R_1LbLHUwuwPZfB3H,33,Female,50.54,No,57.37,No,AMTurk
104,TRUE,R_1f2ZhmUpT6Rpkb3,73,Female,80.56,Yes,87.13,No,AMTurk
123,TRUE,R_2rMUpGio4CgGLli,39,Male,59.16,Yes,61.47,No,AMTurk
44,TRUE,R_eli4lk8gVaCJbCp,22,Female,60.71,Yes,40.41,Yes,AMTurk
115,TRUE,R_25yi1fzplUSTWMd,26,Male,32.17,Yes,65.95,No,AMTurk
400,TRUE,R_1l5Jf5wqbiww7YI,28,Male,60.86,Yes,65.68,No,AMTurk
117,TRUE,R_2ZBrcYH7viVg4W3,31,Male,95.44,Yes,95.31,No,AMTurk
96,TRUE,R_xaNQoR4FrKIJPbz,27,Prefer not to answer,49.33,No,32.84,No,AMTurk
54,TRUE,R_3rFWhzPOo6NTwcm,26,Male,65.95,Yes,64.88,No,AMTurk
98,TRUE,R_2fEfj0i7mM6sIZM,24,Male,60.99,Yes,90.62,No,AMTurk
141,TRUE,R_31YMi7iZcq8fOiu,27,Female,22.65,No,70.64,No,AMTurk
125,TRUE,R_wYP3VMiHZn1nwE9,31,Male,0,No,100,No,AMTurk
106,TRUE,R_Om6pxhkN46l0Ew1,32,Male,80.16,Yes,82.98,No,AMTurk
107,TRUE,R_3CAYMO2IIYv9UNv,33,Female,2.41,No,94.91,No,AMTurk
116,TRUE,R_2Ezeskjs6rTDpaU,39,Male,80.43,Yes,86.33,No,AMTurk
166,TRUE,R_2E0IJXBwwwsbSUt,36,Male,69.44,Yes,68.9,No,AMTurk
102,TRUE,R_2zbuFmdaEM4Xwho,33,Male,72.65,Yes,74.8,No,AMTurk
74,TRUE,R_3KTLG7fp19lYvGs,24,Female,60.05,Yes,50,No,AMTurk
151,TRUE,R_25tnHrUxc7IE85s,33,Male,80.03,No,80.97,No,AMTurk
114,TRUE,R_7R4czi7jAFHmprz,26,Female,81.23,Yes,90.75,No,AMTurk
197,TRUE,R_2fg0iEFCz2vQ1jA,33,Male,80.29,Yes,60.05,No,AMTurk
177,TRUE,R_25Y1yiMeQGZYTwR,42,Female,72.65,Yes,50,No,AMTurk
180,TRUE,R_22Y3B8RUakptB6Z,32,Male,81.1,Yes,84.32,Yes,AMTurk
100,TRUE,R_1QrSNkMRUkWNYwc,24,Male,90.88,Yes,95.31,No,AMTurk
144,TRUE,R_3p8WFsJlB7GDZaQ,31,Male,86.86,Yes,81.64,No,AMTurk
229,TRUE,R_1OpZ91GQm4DmdQD,54,Female,12.06,No,100,No,AMTurk
196,TRUE,R_217fZUwbIntT1c7,43,Male,80.43,Yes,80.97,No,AMTurk
143,TRUE,R_2QtfEqRePS6pfQS,29,Female,90.08,Yes,95.44,No,AMTurk
174,TRUE,R_1drZMeGFEiQBa4P,67,Female,75.34,Yes,90.08,No,AMTurk
111,TRUE,R_2TUncKGJCNG6k4a,26,Male,81.05,Yes,85.43,No,AMTurk
146,TRUE,R_3iOkW9BpqnVDQQS,52,Female,90.08,Yes,80.29,No,AMTurk
150,TRUE,R_2whQyNwl0I0Oo2J,35,Female,76.41,Yes,75.34,No,AMTurk
197,TRUE,R_2DOivcLHQsn5JKM,47,Female,71.98,Yes,80.83,No,AMTurk
35,TRUE,R_1M6AAz0LpxQKgBC,34,Male,71.98,Yes,60.86,No,AMTurk
337,TRUE,R_cI2pfKPm3pYtEdP,44,Female,60.86,Yes,61.93,No,AMTurk
164,TRUE,R_3GqwZOL3mDkInkb,24,Female,50.4,Yes,50.54,No,AMTurk
236,TRUE,R_3kiy9ks80QFht3u,26,Male,83.78,Yes,71.58,No,AMTurk
238,TRUE,R_1F33naKBROmqQm3,41,Female,75.2,Yes,60.46,No,AMTurk
129,TRUE,R_3Jgt0vdKeZTgxX4,50,Male,33.22,No,64.76,No,AMTurk
140,TRUE,R_3hrmNBBQHRSiorH,41,Male,80.56,No,84.85,No,AMTurk
136,TRUE,R_3JEm5V6l4WAx8sh,25,Female,46.78,Yes,56.84,No,AMTurk
153,TRUE,R_r85jqyEwovYxz8t,63,Female,60.19,Yes,50.27,No,AMTurk
162,TRUE,R_1rHeunyocDqPGkI,28,Male,79.49,No,81.5,No,AMTurk
301,TRUE,R_1pxLrkQmQynSJ9E,64,Female,67.56,Yes,39.54,No,AMTurk
826,TRUE,R_R9pwbAqXbKK9Rzb,36,Male,70.11,Yes,90.08,No,AMTurk
65,TRUE,R_27jkAokEOSfTuK6,31,Female,83.11,Yes,84.72,No,AMTurk
53,TRUE,R_WByT633IakQ4WGZ,25,Male,67.43,Yes,95.44,No,AMTurk
55,TRUE,R_3nVKZVD8NkPMXCa,28,Male,74.8,Yes,82.57,Yes,AMTurk
67,TRUE,R_0Btx5wQ3LK7Pm37,35,Female,62.2,Yes,71.98,No,AMTurk
225,TRUE,R_1KmdghUi2GKkf5Q,29,Male,60.31,Yes,60.08,No,AMTurk
86,TRUE,R_2uD4jQ3xrrvH6lK,30,Male,91.02,Yes,75.87,Yes,AMTurk
210,TRUE,R_3psemPk6U4BBCB9,37,Female,48.4,Yes,2.84,No,AMTurk
100,TRUE,R_25Z3HhMn2p8h49g,28,Female,59.25,Yes,83.38,No,AMTurk
432,TRUE,R_2SvLKP1LncnLNSr,55,Female,75.87,Yes,68.5,No,AMTurk
162,TRUE,R_6sALq5DT6D59MDn,53,Female,94.5,Yes,91.82,No,AMTurk
221,TRUE,R_4UCxtbPEWzDB8Nb,26,Male,80.29,Yes,85.25,No,AMTurk
179,TRUE,R_2awXbw03sq8DNYg,32,Female,90.88,Yes,91.69,No,AMTurk
128,TRUE,R_1liZA6Lip0AGAmi,21,Male,75.34,Yes,85.12,Yes,AMTurk
109,TRUE,R_3oFUp19v6UhviWK,32,Male,100,Yes,100,No,AMTurk
93,TRUE,R_R2nGycNyUF8WVoJ,33,Male,85.12,Yes,40.08,No,AMTurk
112,TRUE,R_28UJv3MOuDVTpK5,37,Male,100,Yes,76.94,No,AMTurk
130,TRUE,R_1pFhY9XXqtSCH9E,27,Male,60.19,Yes,44.5,No,AMTurk
250,TRUE,R_2V3AIkrZ95aRVIf,36,Male,95.04,Yes,100,No,AMTurk
352,TRUE,R_qD5EdrZ4tEntOVj,34,Male,16.22,No,17.29,No,AMTurk
236,TRUE,R_3Rqqm0JJDK0kQx5,38,Male,25.07,No,96.51,No,AMTurk
160,TRUE,R_1GKyiNVjcDJ2p9Z,32,Male,70.24,Yes,80.43,Yes,AMTurk
70,TRUE,R_29mt6SpK1HxFQMe,29,Male,29.62,No,85.79,No,AMTurk
314,TRUE,R_ex2CzWnaU3eB1gR,75,Prefer not to answer,50.07,Yes,50.07,Yes,germany
86,TRUE,R_3rGrsiYH4MiuZRE,46,Female,70.78,Yes,61.66,Yes,germany
196,TRUE,R_2yguDKTmPaWgYlt,22,Female,90.62,Yes,81.23,Yes,germany
164,TRUE,R_1gecugvv80ruRlu,30,Male,81.77,Yes,60.32,No,germany
48,TRUE,R_3RdvIHHIlojWLeZ,22,Female,72.52,Yes,60.46,Yes,germany
135,TRUE,R_2OGZPmVyT51Hxze,28,Female,100,Yes,90.08,Yes,germany
149,TRUE,R_viwrjg9WZXdfR9T,28,Male,100,No,91.29,Yes,germany
149,TRUE,R_pxGufRrcaQKEsql,29,Male,40.48,No,30.43,Yes,germany
284,TRUE,R_1OBqpRgBoNkS6yk,28,Female,84.05,Yes,83.11,No,germany
225,TRUE,R_1JCoCNgngJJWCr3,23,Male,70.78,No,64.88,No,germany
29,TRUE,R_2XpukFWcLmw6fCF,23,Male,81.37,No,69.44,No,germany
186,TRUE,R_3efODtjCL15Ye2g,35,Male,81.23,Yes,80.83,No,germany
1777,TRUE,R_5jN3favraNYmIMN,25,Female,81.72,Yes,80.38,No,germany
233,TRUE,R_23VOcjaGeY0CvWx,20,Female,75.87,Yes,50,Yes,germany
163,TRUE,R_b1SiAhwFkRUInNT,21,Female,50.54,Yes,61.53,No,germany
99,TRUE,R_2rJIqyZWF6vCbIa,25,Female,93.15,Yes,79.11,No,germany
129,TRUE,R_2zFHgzBpvN1uaeF,39,Male,89.81,Yes,92.9,No,germany
150,TRUE,R_1JPlWOQgZV7YpUn,28,Female,100,Yes,100,Yes,germany
208,TRUE,R_2ALTGJMjrt0iBRN,26,Female,71.31,Yes,81.64,Yes,germany
208,TRUE,R_1JCHyNxd3U8lm6x,24,Female,81.23,Yes,70.78,Yes,germany
103,TRUE,R_QnV3YQvnHaNGo9z,29,Prefer not to answer,19.17,No,90.75,No,germany
112,TRUE,R_43ceJlZUClQ7p8R,24,Male,89.28,Yes,100,Yes,germany
96,TRUE,R_1Cj6JWaS955lDhA,30,Male,26.68,No,50.94,No,germany
33,TRUE,R_eD2G6KvkFZC3fdD,30,Male,30.43,Yes,76.01,No,germany
133,TRUE,R_2CZyUYFcZiodBmC,27,Male,80.03,No,41.55,No,germany
123,TRUE,R_3M3fs6wXfrHq1D1,30,Female,81.5,Yes,81.5,Yes,germany
143,TRUE,R_2ErPL9Y6U60YCHU,30,Female,19.03,No,78.82,No,germany
144,TRUE,R_3IPLJdOdMUpdseT,25,Female,31.57,No,86.06,No,germany
138,TRUE,R_12ur6WC8iWVmfyj,27,Male,15.55,No,22.25,No,germany
577569,TRUE,R_2zIlipTs0AsSH1V,26,Female,50.8,Yes,52.28,No,germany
66,TRUE,R_3Pe2aX9lsW6x5kL,26,Female,65.01,Yes,70.51,No,germany
302,TRUE,R_24I6a1CT8Y3d7Av,28,Male,65.01,No,70.24,No,germany
139,TRUE,R_2zMUQYcdOn51cca,24,Female,81.5,No,80.03,Yes,germany
143,TRUE,R_e2MuiE9PnlC9LFf,29,Female,70.51,Yes,92.23,Yes,germany
188,TRUE,R_1mWLx7Fk70ojqAk,25,Female,90.88,Yes,68.36,No,germany
2429,TRUE,R_RWShdMCd2tEGoet,30,Male,91.55,Yes,50,No,germany
4203,TRUE,R_3kdl34GDcWLuY86,24,Female,100,Yes,100,No,germany
133,TRUE,R_1IQ1qMBOBspS0gq,22,Female,42.36,Yes,74.26,No,germany
207,TRUE,R_VVadhe7kEUgHeiR,26,Male,76.14,Yes,73.32,Yes,germany
129,TRUE,R_3n1xzxWRJ51cUWV,23,Female,80.03,Yes,59.79,No,germany
266,TRUE,R_31mGVKGE3bdfLT6,28,Female,87.53,Yes,71.05,Yes,germany
289,TRUE,R_a8XphF36Cn6FXIB,21,Female,60.05,Yes,46.38,No,germany
5699,TRUE,R_2S8ji1tLajHDoUT,26,Female,82.17,Yes,83.78,No,germany
28,TRUE,R_3r1y6t0Edyuytbw,27,Female,93.97,Yes,76.68,No,germany
164,TRUE,R_Dpdrmgl608VkdON,26,Female,58.58,Yes,54.69,No,germany
254,TRUE,R_3hFqbLFhXy62jwB,22,Male,31.09,Yes,30.25,No,germany
116,TRUE,R_u3W5SIro3aEao1z,27,Female,60.32,Yes,65.15,No,germany
99,TRUE,R_TbJVsPNDSyyZKQF,23,Male,100,Yes,100,No,germany
192,TRUE,R_1dzUBGtEMNwbBxc,27,Male,84.99,Yes,75.07,No,germany
168,TRUE,R_10TbreyHYlcb1Wx,37,Female,90.75,Yes,91.29,No,germany
107,TRUE,R_3lLyQeByrDEKFGR,27,Male,100,Yes,80.03,No,germany
164,TRUE,R_3fUEkRyWL6MTHdK,37,Male,30.16,Yes,10.46,No,germany
56,TRUE,R_2Bmqw1ML7Obf1lD,25,Female,50,Yes,59.12,No,germany
88,TRUE,R_1Fetpwp3KMYbipL,24,Female,88.34,Yes,89.01,No,germany
196,TRUE,R_299XkQi5MiJ99iF,26,Female,9.52,No,90.62,No,germany
51,TRUE,R_AEQy6nIAHWSQMCZ,26,Female,8.18,No,91.55,No,germany
267,TRUE,R_OcVhkb61d89QXjX,28,Male,0,No,100,No,germany
93,TRUE,R_XREP8pYkFj2ak5X,28,Female,61.66,Yes,50,No,germany
269,TRUE,R_33ECAP5VNigD0kM,24,Female,61.18,Yes,60.77,No,germany
64,TRUE,R_RawAj8avhFNMTGV,24,Female,34.05,No,86.06,No,germany
72,TRUE,R_20NgVL5PTREiaTk,23,Female,93.97,Yes,95.71,Yes,germany
96,TRUE,R_3RrrfdapBnYQY2u,21,Male,93.03,Yes,33.78,No,germany
68,TRUE,R_bClbpXuOPZeVND3,21,Male,92.63,Yes,100,No,germany
83,TRUE,R_2zow3l40fhsBuZb,26,Male,81.23,Yes,78.02,No,germany
85,TRUE,R_2zuVuFEnvsIHzUZ,24,Female,100,Yes,70.11,No,germany
163,TRUE,R_31FNtKLUwmVWjMW,21,Female,50,Yes,76.01,No,germany
84,TRUE,R_3ptHFNuSUKHSct3,28,Female,80.83,Yes,92.9,No,germany
158,TRUE,R_ewyxHDGyWHMkkzD,21,Female,100,Yes,100,No,germany
89,TRUE,R_2sQQQjajtOdVuZe,29,Male,100,Yes,100,No,germany
124,TRUE,R_33e9I6LQsU3eP4D,23,Male,80.07,Yes,94.59,No,germany
192,TRUE,R_1IbDomR5GSPdCS7,23,Male,81.37,Yes,61.26,No,germany
140,TRUE,R_Wckm1M3sexn40nL,25,Male,75.34,Yes,71.85,No,germany
308,TRUE,R_3jZMNbGjjykhtTZ,26,Male,20.24,No,50,No,germany
192,TRUE,R_3sjhj8VhtJT4LM8,33,Female,76.54,Yes,87.19,Yes,germany
116,TRUE,R_2bJN2G1dUv6GDPS,21,Female,85.39,Yes,75.07,No,germany
120,TRUE,R_OqiblqzQO1r3gdj,23,Male,100,Yes,100,No,germany
202,TRUE,R_1i2LMSebhji0rLP,24,Female,19.44,Yes,28.28,No,germany
191,TRUE,R_3RsYhVSoXYkPsnA,56,Female,72.12,Yes,90.62,No,germany
146,TRUE,R_3fxjbVeZ9FcyGEY,24,Female,90.08,Yes,77.88,Yes,germany
201,TRUE,R_1kYtyNcoTkPJL0V,27,Female,90.88,Yes,100,No,germany
157,TRUE,R_2qlVAwhe2cQozr4,19,Female,25.2,Yes,50,No,germany
240,TRUE,R_2ysjYi1upfoDHkA,23,Female,70.24,Yes,82.84,No,germany
122,TRUE,R_3NINrMDO8cw9JDz,31,Female,80.97,Yes,61.13,No,germany
79,TRUE,R_2YYvf018gDcKfLx,24,Female,61.53,Yes,74.4,No,germany
196,TRUE,R_xlW9lEjegYvLXvb,23,Female,70.64,Yes,65.01,No,germany
230,TRUE,R_01bG91L6o6pP2St,28,Male,50.74,No,39.86,No,germany
268,TRUE,R_2zXZyOuaAWboHBU,24,Female,63,Yes,90.62,No,germany
105,TRUE,R_2fGSLsEeUdxITPq,25,Female,29.22,Yes,71.98,No,germany
548,TRUE,R_3oReO5z91FrrEQ3,30,Female,100,Yes,100,No,germany
73,TRUE,R_3dFlckd55FpJTBF,23,Female,19.84,No,60.99,No,germany
121,TRUE,R_3koIn2z9NyxuUpk,22,Female,70.11,Yes,60.59,No,germany
590,TRUE,R_2zAqA6AtxvpqWGV,23,Female,75.74,Yes,81.23,No,germany
146,TRUE,R_2q7VMEeO1NtA55B,23,Female,75.07,Yes,80.83,No,germany
419,TRUE,R_3R1lesomKesxR3g,22,Female,90.35,Yes,81.5,No,germany
67,TRUE,R_bl8pVIXYsTLYLLz,20,Female,41.29,Yes,67.16,No,germany
264,TRUE,R_p9LnOY99gsaOGYN,32,Female,70.11,Yes,80.16,No,germany
1243,TRUE,R_2zw0G5p6glCCWpB,32,Female,65,Yes,50,No,germany
122,TRUE,R_sdFB9kXxgI6XJtL,24,Male,89.68,Yes,91.96,No,germany
256,TRUE,R_1g0yrfTuCyksBg2,25,Female,75.07,Yes,61.26,No,germany
539,TRUE,R_510w8OhsPk1YpQ5,25,Female,30.11,No,50,No,germany
149,TRUE,R_3ludePFkZW3OChH,32,Female,91.42,Yes,91.69,No,germany
190,TRUE,R_1IQp7ExprdbUVhN,31,Male,100,Yes,91.82,No,germany
194,TRUE,R_3iIiwvSt4Fpuaie,22,Female,50,Yes,50,No,germany
184,TRUE,R_3FPbl3JEXi1pYP4,27,Female,48.12,Yes,52.68,No,germany
92,TRUE,R_2YJQbdY1P4yGFNJ,22,Male,54.56,No,47.99,No,germany
134,TRUE,R_42zZAx83a9qW0w1,22,Female,93.97,Yes,83.78,No,germany
130,TRUE,R_2712DjqcCXwjo8J,21,Male,60,Yes,74.93,No,germany
53,TRUE,R_2S8khpARYl1F8cQ,21,Male,74.63,Yes,59.7,No,germany
155,TRUE,R_YRENkR6laS7vNoB,26,Female,70.24,Yes,62.06,No,germany
57,TRUE,R_2PiHsUuo5BjHlQl,21,Female,100,Yes,100,No,germany
179,TRUE,R_2atrUkqwWqGP8sw,22,Female,18.9,Yes,61.53,No,germany
214,TRUE,R_3O0sumqWJzQcfx3,28,Male,63.94,Yes,69.97,No,germany
581,TRUE,R_1jTbTUs9H6FuUVe,28,Male,81.9,Yes,84.72,No,germany
889,TRUE,R_w66BBYkg3Xs0Rix,33,Female,61.53,Yes,30.56,No,germany
273,TRUE,R_1hSDhQsHpdqhGyQ,24,Female,50,No,75.6,No,germany
75,TRUE,R_3kKXhYUD2rU18af,22,Female,80.03,Yes,60.99,Yes,germany
88,TRUE,R_233GfaLMr8ChSAw,22,Female,20.38,Yes,30.16,No,germany
130,TRUE,R_PNjUxQALRJ1ovap,20,Male,88.85,Yes,89.86,No,germany
217,TRUE,R_210Y8RQxFQOiyHi,21,Female,90.08,Yes,50.4,No,germany
133,TRUE,R_2TS3L8tyPuSCV0Q,24,Female,54.02,No,39.28,No,germany
97,TRUE,R_2eVBxFtdi8Ml2VX,23,Female,90.21,Yes,84.45,No,germany
84,TRUE,R_1ot0PfZW6GdQsFL,22,Female,79.62,Yes,80.7,No,germany
119,TRUE,R_1IWUX6BnQBHQw1d,24,Female,61.26,Yes,80.56,No,germany
227,TRUE,R_2arAnyHt1jOPPQJ,25,Female,19.71,No,91.02,No,germany
73,TRUE,R_2fvVX0IcQUXFTs2,23,Female,76.72,Yes,44.48,No,germany
134,TRUE,R_YSL8mEynONFA3NT,22,Female,62.47,Yes,83.78,Yes,germany
264,TRUE,R_29v2DIyPI3pm116,21,Female,75.07,Yes,33.38,No,germany
126,TRUE,R_8IGYnjtaHMXZQtj,22,Female,77.75,Yes,50,No,germany
215,TRUE,R_3EW6knihXnziuGU,26,Female,69.3,Yes,59.12,No,germany
876,TRUE,R_1I4rBHqpHQDVKm5,25,Female,80.56,Yes,81.1,No,germany
220,TRUE,R_vYKXmQvDex2CqC5,23,Female,40.21,Yes,65.95,No,germany
30,TRUE,R_3Rz86laszgD2DEl,23,Female,37.4,Yes,54.83,,germany
92,TRUE,R_2zGAR3avnLNfcqu,23,Female,40.08,Yes,65.82,No,germany
163,TRUE,R_VIkRa0fqUBhVVVn,24,Female,90.08,Yes,60.32,No,germany
135,TRUE,R_bpcbsOamRVl7NPr,25,Female,30.03,Yes,30.29,No,germany
130,TRUE,R_3oSyti2Vk5hVSuJ,23,Male,69.84,Yes,49.87,No,germany
216,TRUE,R_27Cft4HN5v7DDSJ,21,Male,70.24,Yes,80.16,No,germany
3977,FALSE,R_tMbumdFVlGjG6kx,23,Female,,,,,germany
43,FALSE,R_3pnZnmFj5kkYbnz,32,Female,,,,,germany
171,TRUE,R_3NQZVO957TneJNI,22,Male,70.51,Yes,63.27,No,germany
1642,TRUE,R_XFgODQCKVk4XjNv,24,Male,80.03,Yes,8.18,No,germany
390,TRUE,R_SC8G9UPfBImOfSh,26,Female,85.25,Yes,75.2,No,germany
133,TRUE,R_55DoxUrO2NQZQZz,25,Female,77.7,Yes,22.42,No,germany
180,TRUE,R_3lFakMPaTRXKSbn,22,Female,10.19,No,13.94,No,germany
132,TRUE,R_5d05b4jsMc1nQfD,24,Female,80.03,Yes,85.39,No,germany
236,TRUE,R_zUWV31yl9K9Em3f,26,Female,80.83,Yes,71.05,Yes,germany
124,TRUE,R_2qBLPM4yYYmZedv,26,Female,100,Yes,100,No,germany
1980,TRUE,R_3MmqEf3DRGdXCsx,23,Male,75.2,Yes,60.19,No,germany
276,TRUE,R_1d3M6y6gXxXlgaW,21,Female,100,Yes,80.56,No,germany
388,TRUE,R_2CweC3RoIOoeq0R,21,Female,55.23,Yes,41.02,No,germany
298,TRUE,R_2bW5DcAac9jfWXT,24,Female,69.71,Yes,28.95,No,germany
279,TRUE,R_22t9APQqnekroUJ,21,Female,50.49,Yes,82.57,No,germany
106,TRUE,R_27lYAd3FnCQ8mG6,26,Female,18.1,Yes,62.33,No,germany
9413,TRUE,R_1GAZKwoKrOtdKIk,30,Male,100,Yes,76.81,No,germany
187,TRUE,R_1gGvGQH3z0pK4ZC,28,Female,72.24,Yes,67.16,No,germany
765,TRUE,R_PZCMU6prxfIQzN7,24,Female,28.15,No,70.64,No,germany
815,TRUE,R_3G7gKMwBA13nOVf,28,Female,76.81,Yes,55.5,No,germany
120,TRUE,R_bwryrphEjU6ARQ5,28,Female,97.59,Yes,78.28,No,germany
171,TRUE,R_3KYLIwZY09wp787,21,Female,22.92,Yes,20.64,No,germany
174,TRUE,R_0uOsyFtGmheyTe1,24,Male,51.47,Yes,45.04,No,germany
29,TRUE,R_2tfktn7du0tB3rL,24,Female,65.95,Yes,65.28,No,germany
141,TRUE,R_3qjNQhA698PqViG,25,Male,90.54,Yes,100,Yes,germany
91958,TRUE,R_3lJIJCHwuKl3iFK,24,Male,50,Yes,73.99,No,germany
20,TRUE,R_3mlQjab91wWJ7au,29,Male,63.14,Yes,74.93,Yes,germany
44284,TRUE,R_2PsU4LXq74Xmatf,28,Female,73.16,Yes,60.94,No,germany
279,TRUE,R_1jjseMzdvvzKVlF,23,Female,89.01,Yes,75.6,No,germany
337,TRUE,R_XA38XYwTM72zXIR,28,Female,100,Yes,90.08,No,germany
475,TRUE,R_25Kn87vawEqwyqh,24,Female,50.54,Yes,33.51,No,germany
570,TRUE,R_1N1QVuUvc3QREcZ,31,Male,83.91,Yes,82.04,No,germany
116,TRUE,R_3GDsVKKWgqELEAb,31,Male,85.52,Yes,85.79,Yes,germany
30,TRUE,R_22RXRBmV80RDv6m,31,Male,84.18,Yes,88.2,No,germany
125,TRUE,R_3PI8w5pTgqIgdRc,35,,60.05,Yes,50,No,germany
157,TRUE,R_3GxDoyHJeTZMlNl,25,Male,89.54,Yes,80.97,No,germany
149,TRUE,R_2bPNDiVACutcWe9,29,Female,10.46,No,87,No,germany
328,TRUE,R_3PjEHAIoyjYyVYg,25,Male,95.17,Yes,100,No,germany
230,TRUE,R_YQPKiRMnDCwnjm9,26,Female,37.94,Yes,50,No,germany
118,TRUE,R_3g0jFN0IPdppTSW,25,Female,44.25,Yes,90.75,No,germany
373,TRUE,R_3sb6uT6PrJQLtyY,47,Male,63.67,No,74.66,No,germany
158,TRUE,R_3dGj5VnhqoiiJaV,36,Female,100,Yes,69.97,No,germany
179,TRUE,R_3hDtvHcqnek6uL7,23,Male,40.08,No,70.11,No,germany
32,TRUE,R_z1hDlTEIHPqUdRD,23,Male,40.08,No,60.32,No,germany
11,FALSE,R_3kk3XECMQImwHhh,,,,,,,germany
185,TRUE,R_3PIjXxtPhbNtEgH,29,Female,100,Yes,40.04,No,germany
137,TRUE,R_UYL8vpDxp4fvVm1,23,Female,36.33,Yes,70.11,No,germany
338,TRUE,R_3kBcfIhADp951wR,23,Male,80.83,Yes,80.56,No,germany
217,TRUE,R_PzAsrGmhzzJoaGJ,30,Female,90.75,Yes,92.49,Yes,germany
42,TRUE,R_3O1evzioKUAvAW9,28,Female,56.17,Yes,59.25,No,germany
28,TRUE,R_XiXhU6bqBzQgD4Z,29,Male,58.58,Yes,62.87,No,germany
20,TRUE,R_yrxqlRUabk03XP3,30,Male,57.51,Yes,41.02,Yes,germany
98,TRUE,R_1MLJDFgXJX6EDFg,20,Female,92.36,Yes,71.18,Yes,germany
154,TRUE,R_pmj67xGKWVmmngB,32,Female,50.54,Yes,90.75,No,germany
282,TRUE,R_1gUsIxeUsuObZZL,24,Female,90.35,Yes,71.45,No,germany
113,TRUE,R_1f9IDKC9HFUAQQh,24,Female,73.99,Yes,80.03,No,germany
226970,TRUE,R_1OWcVVKqjMWzy54,25,Male,15.95,No,84.85,No,germany
1199,TRUE,R_1dvhKaqctzeAjwQ,23,Female,96.65,Yes,85.39,No,germany
171,TRUE,R_UMDUqfDufjRZupz,31,Male,73.46,No,51.34,No,germany
255,TRUE,R_1IRuzGEBiGJpY93,21,Female,64.88,Yes,81.1,No,germany
126,TRUE,R_2Eoh4HZIEfMON9k,46,Female,15.01,No,34.99,No,germany
158,TRUE,R_2lCr88MCZ0hNQR3,26,Female,90.08,Yes,86.06,No,germany
149,TRUE,R_dj9nqYVCmT35fvb,26,Female,76.14,Yes,50.13,No,germany
82,TRUE,R_6JNEtONUGypCYoh,23,Female,29.84,No,59.87,No,germany
143,TRUE,R_20M1np0QJjIeh55,23,Female,81.5,Yes,71.18,No,germany
70,TRUE,R_3nJFpeSezaWFBJz,29,Male,91.02,Yes,80.03,No,germany
139,TRUE,R_1jJrWqp9JNuLA5Y,28,Male,23.86,Yes,58.04,No,germany
58,TRUE,R_20Z19CYZ98wSQl3,26,Female,88.34,Yes,100,No,germany
23,TRUE,R_RdYP0BpsuI9v4QN,27,Male,6.43,No,23.06,Yes,germany
118,TRUE,R_9LTs0gjQiNQaEet,24,Female,35.39,No,60.46,No,germany
155,TRUE,R_YQeNZ1xuXrwxtUl,24,Female,84.72,Yes,71.45,No,germany
150,TRUE,R_0BX2bDNFXJGZF61,30,Female,81.23,Yes,88.2,Yes,germany
373,TRUE,R_2ByyovAP4enXy1t,25,Female,73.86,No,71.58,No,germany
37,TRUE,R_qRrPIkR8NrXQk0N,25,Female,77.08,No,80.83,No,germany
140,TRUE,R_snB4n3olEuT7DR7,25,Female,71.45,Yes,90.08,Yes,germany
76,TRUE,R_21BSeynmf66nNXq,22,Female,68.1,Yes,60.19,No,germany
124,TRUE,R_1I4NvQaVR3cSXSC,26,Male,86.46,Yes,92.49,No,germany
172,TRUE,R_byoVRGmBZiKPauZ,28,Male,100,Yes,84.58,No,germany
210,TRUE,R_swkM0V9zOumt8aJ,22,Female,20.38,No,50,No,germany
143,TRUE,R_54luIvSuvQCxF97,24,Female,28.69,No,60.46,No,germany
154,TRUE,R_vV691l94HzFSBrj,32,Male,66.09,Yes,100,No,germany
44,FALSE,R_1fZzjDKFw356r1b,,,,,,,germany
165,TRUE,R_1BY0mTh70ArJabx,28,Male,79.62,Yes,50,No,germany
31,TRUE,R_3O8G4rRFd4vPFef,28,Male,80.7,Yes,50,No,germany
170,TRUE,R_1lzuJyA3s2XlooT,25,Female,97.72,Yes,50.4,No,germany
410,TRUE,R_uvIWF0hljYLFFi9,32,Female,65.01,Yes,40.88,No,germany
149,TRUE,R_2Qny1zJILB5NfLg,24,Female,70.45,Yes,40,No,germany
510,TRUE,R_2rI7rsUymzOrdCg,23,Female,75.07,Yes,80.97,No,germany
149,TRUE,R_BXraUCNk7fO87U5,24,Female,80.7,Yes,57.51,No,germany
177,TRUE,R_2q4W1CFAliyzuwk,25,Female,63.81,Yes,51.34,No,germany
83,TRUE,R_1rjnuTP5zcIy0Ab,20,Female,94.91,Yes,95.71,No,germany
261,TRUE,R_2U6lgCJ1P0pdohb,22,Female,33.91,Yes,80.43,No,germany
169,FALSE,R_1ohHSvjJUbvO1XD,25,Male,,,,,germany
245,TRUE,R_2tJ3rgQRaV0OVIB,26,Female,54.83,Yes,64.34,No,germany
153,TRUE,R_1gcGUIXwd6YhbOa,27,Female,70.45,Yes,71.94,No,germany
491,TRUE,R_21c5sURU9ly8B0v,23,Female,80.41,Yes,71.96,No,germany
34,TRUE,R_1BXfLutGCiLCVJ6,23,Female,80.7,Yes,70.24,No,germany
137,TRUE,R_2Vm7HyTPYXGQi3G,30,Male,69.17,Yes,75.2,No,germany
159,TRUE,R_0xJ1Ls6ayRTSaf7,36,Female,72.79,Yes,65.95,No,germany
110,TRUE,R_aWOZ01kmfRCCEPD,26,Female,21.18,No,80.7,No,germany
104,TRUE,R_bdq2fKjaJl501qN,29,Female,49.33,Yes,48.93,No,germany
211,TRUE,R_1mC41A2G5e3HWZc,29,Female,91.15,Yes,94.64,No,germany
182,TRUE,R_3MFoWQmrGi5mSve,28,Female,69.84,Yes,70.64,No,germany
237,TRUE,R_2pRhTjyYjoacYht,26,Female,65.95,No,49.06,No,germany
183,TRUE,R_VPzqnP8A53aUvtL,25,Female,60.32,Yes,75.74,No,germany
152,TRUE,R_2UfiT70JycRfmav,23,Female,70.11,Yes,84.99,No,germany
1771,TRUE,R_bfwtISLDJ8Z8mAh,34,Female,37.8,No,70.11,No,germany
180,TRUE,R_1K7kmbUXtl5tP5J,25,Female,90.35,Yes,80.29,No,germany
323,TRUE,R_1Q43ZuFKRfvrwHQ,22,Male,50,No,50,No,germany
23,TRUE,R_2q2bIWxOqSqhmTs,29,Male,37.53,Yes,62.6,No,germany
17,TRUE,R_1F34n6kwMmYLt3P,31,Male,87.94,Yes,84.18,Yes,germany
125,TRUE,R_1DoiTaHDlyvTEDm,25,Female,84.45,Yes,78.02,No,germany
199,TRUE,R_3NwZWUQ8YA1yCCN,24,Male,89.95,Yes,81.23,No,germany
123,TRUE,R_23ZRMgaiV8mQWAf,24,Female,86.6,Yes,56.84,No,germany
116,TRUE,R_31FxhuiJANjUkxS,23,Female,30.7,No,20.38,No,germany
29,TRUE,R_3lQ72uIl5iSRih0,24,Female,92.23,Yes,53.89,No,germany
45,TRUE,R_12AvUWXHfFGPWRb,25,Male,54.29,Yes,50,No,germany
267,TRUE,R_8BQa8pIE0i58C8p,22,Female,80.83,Yes,46.25,No,germany
200,TRUE,R_1GH3PORLUndmvgD,28,Male,9.38,No,50,No,germany
180,TRUE,R_ukn2DmqDz6YmbvP,22,Female,38.2,Yes,76.81,No,germany
264151,TRUE,R_8x1TRxeNAHwIhmp,25,Male,20.24,No,100,No,germany
254,FALSE,R_3k7xOSFJI1CNYMF,,,,,,,germany
9,FALSE,R_ezDElY1ZjbAouYh,,,,,,,germany
201,TRUE,R_24PhNDd6EmW3PH3,26,Female,60.46,No,60.19,No,germany
9,FALSE,R_3RlvnxkYCTkQX5b,,,,,,,germany
168,TRUE,R_24ooGLpqhjbQCut,25,Male,100,Yes,100,No,germany
211,TRUE,R_2rSjdU610WcIIU0,26,Female,69.97,Yes,50.67,No,germany
261,TRUE,R_2VamVPPLUNVkgxW,29,Male,30.56,Yes,81.1,No,germany
107,TRUE,R_1kUe5WhrW8FjcDl,26,Female,0,Yes,82.31,No,germany
135,TRUE,R_2ovAlQkjDFjVX45,27,Female,60.05,Yes,80.7,No,germany
110,TRUE,R_2CB62ToZLwuCsZ5,25,Male,50.13,Yes,49.73,No,germany
178,TRUE,R_1PXZzkzQBIhZswz,25,Female,70.11,Yes,60.86,No,germany
121,TRUE,R_AL22AVTg82xyaPL,25,Female,86.73,Yes,91.82,No,germany
20,TRUE,R_2bQ2SvgW6BEQUyB,25,Male,50,Yes,50.27,No,germany
294,TRUE,R_3Rvz0lXXcjI56gM,23,Male,71.45,Yes,85.66,No,germany
116,TRUE,R_1FLNQzAeJk4iR2N,25,Female,80.29,Yes,81.5,No,germany
210,TRUE,R_24NPobCN5aeD1ge,24,Female,50,Yes,50,No,germany
367,TRUE,R_1cY3O6SVQqJePuV,23,Female,65.28,Yes,88.47,No,germany
396,TRUE,R_aWdfdYgJcwwZQxb,24,Female,70.11,Yes,81.5,No,germany
157,TRUE,R_R8nsfTm5XBFsIqB,23,Male,36.46,Yes,84.32,No,germany
188,TRUE,R_2v6YYUvR4WXfSLm,23,Male,80.56,Yes,100,No,germany
9,FALSE,R_URXCL0OyxJwXGRH,,,,,,,germany
221,TRUE,R_6KyKrr4Hd1QW1Xj,29,Female,100,Yes,70.24,No,germany
265,TRUE,R_22RAfjlNU99vD3D,25,Male,40.08,Yes,40.21,No,germany
75,FALSE,R_2U6jbTEaPPNXBaD,23,Male,,,,,germany
488,TRUE,R_2Ed9TeMzj1swQJ8,25,Female,45.58,Yes,81.1,No,germany
150743,FALSE,R_bPz5Bq9rLcw1RER,23,Female,,,,,germany
118,TRUE,R_21iin58PVM36SUj,30,Male,78.82,Yes,59.12,No,germany
310,TRUE,R_2zeZwhyBYSJc8pn,25,Female,68.77,Yes,61.93,No,germany
341,TRUE,R_xayZNDXnUiocsUh,22,Female,60.19,Yes,80.16,No,germany
208,TRUE,R_1IodaedZPUeN8sL,25,Female,38.07,Yes,64.08,No,germany
148,TRUE,R_1ltSmi2GVL8YcPs,24,Female,70.24,Yes,71.85,No,germany
158158,FALSE,R_12fFJZOPdMBUUgY,,,,,,,germany
154,TRUE,R_D6qQdrNyNAElJWp,25,Female,53.62,Yes,56.03,No,germany
135,TRUE,R_1gqKYJHikWbFiE2,34,Male,50.43,Yes,50,No,germany
23,TRUE,R_3OjZbQsWiUmNTkD,24,Female,44.18,Yes,56.12,No,germany
69,TRUE,R_3nNnxYKBTbgaZLI,23,Female,36.6,Yes,60.46,No,germany
31,TRUE,R_2CpT45XaDwUQr3a,23,Female,36.33,Yes,62.33,No,germany
93,TRUE,R_25ZUJ3oKlRO0Tmh,26,Male,9.38,No,71.45,No,germany
292,TRUE,R_3nfwdQGYxCAn4ay,25,Male,67.16,Yes,100,No,germany
126,TRUE,R_2aad6ilb9zYngNF,27,Male,39.95,No,60.05,No,germany
113,TRUE,R_3KUeKGzUk3BrETV,23,Female,62.6,Yes,50,No,germany
222,FALSE,R_33vEIIMWdqDlC30,26,Female,,,,,germany
83,TRUE,R_3kcbavqv9fNUvyp,27,Female,100,Yes,99.87,No,germany
74,TRUE,R_UnIeaQu9G30nghH,23,Male,37.94,Yes,24.53,No,germany
31,TRUE,R_2WMxtfGpPnaRmGB,22,Male,67.29,Yes,23.32,No,germany
139,TRUE,R_33yFTJU27Kin9tk,24,Female,50,Yes,43.7,No,germany
675,TRUE,R_XmQy4PGD5ERXeZX,31,Female,79.09,Yes,87.4,No,germany
601,FALSE,R_3iDBcuT5OMKGJGl,,,,,,,germany
110,TRUE,R_2zjVrutMHVe7hAN,23,Female,28.55,Yes,13.27,No,germany
339,TRUE,R_3PbIBi14Ggf3h8H,24,Male,29.89,No,40.08,No,germany
96,TRUE,R_2xJJBJhNuajiTuC,23,Male,80.97,Yes,29.76,No,germany
127,TRUE,R_2YlwHJkESj6oZgi,22,Male,75.07,Yes,72.52,No,germany
188,TRUE,R_3dDPlCwueq5bLIY,42,Female,80.83,Yes,82.44,No,germany
113,FALSE,R_1Ij9K9YubKc0l9i,,,,,,,germany
390,TRUE,R_sZKthaamJRfdHeV,22,Female,80.03,Yes,54.16,No,germany
30,TRUE,R_Y9PI2oTEWfK7JD3,22,Female,62.5,Yes,43.58,No,germany
170,TRUE,R_2t3ePGbTAg4phOJ,25,Male,28.95,Yes,79.76,No,germany
106,TRUE,R_1jHOXJQ3t7N6TuG,24,Female,100,Yes,81.5,No,germany
208,TRUE,R_2ZDNFgDZEK3ePPy,20,Female,35.25,No,49.6,No,germany
195,TRUE,R_20NgUoJuZlrDVVD,23,Female,47.32,No,50,No,germany
32,TRUE,R_1PS1f6arxYstrEf,20,Female,34.46,No,48.31,No,germany
97,TRUE,R_31FyfI2aEW9OgLz,23,Female,35.14,No,54.05,No,germany
42,TRUE,R_1IbmCSHucAmkt82,20,Female,35.47,No,40.54,No,germany
110,TRUE,R_1DqJMy2ni5hnvz1,25,Male,50,Yes,50,No,germany
368,FALSE,R_pa7pP9EKuITiSvT,28,Male,,,,,germany
150,TRUE,R_31yhHRmIKYgdF6E,23,Female,88.46,Yes,40.13,No,germany
203,TRUE,R_31L4zPT0vagcg6t,56,Female,5.09,No,100,No,germany
575,TRUE,R_3KB1UFq26UqN7Ox,46,Female,82.04,Yes,82.71,No,germany
195,TRUE,R_3O6pfp61nVLzlSK,23,Male,24.93,Yes,30.03,No,germany
175,TRUE,R_2eOm5DlILN2In23,29,Male,60.05,Yes,75.47,No,germany
94,TRUE,R_2U3ICQYPp0iLVN1,27,Female,50,Yes,40.08,No,germany
111,TRUE,R_30jCzhwInEjdIXs,29,Female,87.13,Yes,90.21,No,germany
275,TRUE,R_21cCYAV8SRJHoP8,24,Female,90.88,Yes,86.86,No,germany
116,TRUE,R_1LwjAc5i9Wxwnjc,28,Female,60.72,Yes,60.99,No,germany
463,TRUE,R_2ePcrbxXGpXq54B,25,Female,91.15,Yes,93.97,No,germany
304,TRUE,R_2dg9uVbVtdqc3MT,26,Male,60.32,No,80.97,No,germany
338,TRUE,R_1QsgeHuvJkpG4Zv,23,Female,30.16,No,8.71,No,germany
172,TRUE,R_eQldC8R8mcVXPJ7,49,Male,80.16,Yes,70.51,No,germany
135,TRUE,R_bj7OSYAikx9tjQ5,24,Male,85.25,Yes,81.37,No,germany
22,FALSE,R_6r6ote6VmAHhxCh,,,,,,,germany
58,TRUE,R_2ZQt1lSvPzURYRw,24,Female,40.08,Yes,61.8,No,germany
182,TRUE,R_2Ym7iaopLinHmho,24,Male,80.03,Yes,82.31,No,germany
172,TRUE,R_1diYzeQsbNjKN5j,44,Female,50,Yes,60.05,No,germany
114,TRUE,R_blVifwsq7KXkQmZ,23,Female,29.62,Yes,56.97,No,germany
132,TRUE,R_3iIIW7WEvtQsITA,30,Female,81.5,Yes,80.97,No,germany
159,TRUE,R_216WFUNRebjvY3Z,25,Female,80.03,Yes,90.21,No,germany
112,TRUE,R_2Srz3L7HNIApqCx,23,Female,94.37,Yes,95.84,No,germany
101,TRUE,R_vxxwT7K25OpMtZD,27,Female,70.38,Yes,55.63,No,germany
55,TRUE,R_1eP0VnqRycShLNM,25,Female,80.83,Yes,90.88,No,germany
13,FALSE,R_1BP0z3ce98Jz4gO,,,,,,,germany
27,FALSE,R_3iwgc7s4A8VZ6r2,40,Female,,,,,germany
254,TRUE,R_1rv3pzLQyMjPfqM,21,Female,89.95,Yes,77.35,No,germany
506,TRUE,R_1onzblFN820NTCx,41,Female,30.03,Yes,50,No,germany
132,TRUE,R_10ZVMPbd0nq7aFS,37,Male,50.13,No,50,No,germany
88,TRUE,R_1LAUTN8BF1jyuKh,36,Male,0,No,60.99,No,germany
79,TRUE,R_2P1dc0u1fBahM0d,30,Male,71.18,Yes,81.64,No,germany
110,TRUE,R_1eLeoAGVLZX6fPP,27,Male,82.17,Yes,60.24,Yes,germany
199,TRUE,R_9M4MXlsUhGnKIA9,21,Female,65.15,Yes,55.36,No,germany
185,TRUE,R_OgagANF1wnb89C9,42,Female,80.16,Yes,91.82,No,germany
147,TRUE,R_0UPtIv8inT6A3OF,22,Female,65.01,Yes,60.86,No,germany
195,TRUE,R_25QIMruc4SWHA4Y,25,Female,70.11,Yes,40.08,No,germany
108,TRUE,R_1CpaSZWGRFZ1u9F,20,Female,32.31,Yes,87.13,No,germany
88,TRUE,R_2dTtPcTvVOXzw3i,20,Female,29.76,Yes,77.61,No,germany
42,TRUE,R_6yxHQhyiQspVNTj,26,Female,100,Yes,50,No,germany
45,TRUE,R_32SehcyRYtQtXRw,26,Female,50,No,50,No,germany
223,TRUE,R_3pumubGhkw2GvzT,25,Female,60.05,Yes,20.11,No,germany
125,TRUE,R_2wz6bqVCNPR0NAj,28,Male,81.37,Yes,68.76,No,germany
325,TRUE,R_U9AJkwX3fwieNQB,23,Female,60.72,Yes,59.65,No,germany
442,TRUE,R_SPEeYGyvqK6MlsR,27,Female,74.8,Yes,81.23,No,germany
85,TRUE,R_XMw8XF4fWG4b13b,27,Female,90.08,Yes,87.94,No,germany
100,TRUE,R_1NrakYxInScIvqA,29,Male,80.83,Yes,70.78,No,germany
161,TRUE,R_2OGy5kRUF2lTHGd,22,Female,80.7,Yes,91.96,No,germany
129,TRUE,R_ONhuj7wVSaiY9yh,29,Female,65.82,Yes,75.47,No,germany
185,TRUE,R_338BWmqBvZFJdj8,25,Female,81.23,Yes,81.5,No,germany
601877,TRUE,R_3pr03WTcqKibkIT,27,Female,75.34,Yes,73.06,No,germany
114,TRUE,R_1jf9Upc3qvDvy1D,26,Female,7.37,No,80.56,No,germany
300,TRUE,R_RxnJFNgn03RtyXn,23,Female,69.44,Yes,71.18,No,germany
183,TRUE,R_3PAf9Bo8XJrtDJQ,27,Male,50,Yes,60.19,No,germany
419,TRUE,R_2U447UGtI5uaRbj,24,Male,80.03,Yes,80.03,No,germany
173,TRUE,R_3kaYpD173ws7lzx,40,Female,100,Yes,80.03,No,germany
186,TRUE,R_29cUEbhHd2G1mMP,26,Female,72.39,Yes,92.09,No,germany
224,TRUE,R_20SShFmPgXVAsxR,24,Male,65.15,Yes,50,No,germany
166,TRUE,R_2E3NKDfBJ2wNOSl,32,Male,80.07,Yes,100,No,germany
41,TRUE,R_12a3K2iZpRWyrYY,32,Male,8.45,No,49.66,No,germany
142,TRUE,R_ZEsfzG2BKHBZ0uB,23,Female,81.23,Yes,90.75,No,germany
57,TRUE,R_2dAMKTshPn5luid,23,Female,59.65,No,51.07,No,germany
83,FALSE,R_Ao25Jc2GTmU3tiV,,,,,,,germany
86,TRUE,R_STqCjaluJSjECe5,26,Female,100,Yes,100,No,germany
107,TRUE,R_1j7zSkpJi7bMGU6,21,Female,81.1,Yes,90.48,No,germany
165,TRUE,R_2BewmQeeY5nLG8G,33,Male,84.85,Yes,63.14,No,germany
82,TRUE,R_WBP6mTuVpW7hNKx,27,Male,80.56,Yes,71.09,No,germany
785,TRUE,R_3smpDqxFKSFWOpQ,23,Male,60.59,Yes,91.55,No,germany
173,TRUE,R_vi6nqdtmTJC2Zxf,25,Female,100,Yes,100,No,germany
383,TRUE,R_2vkQqbjQPhjOwmU,23,Female,75.34,Yes,78.42,No,germany
225,TRUE,R_2374zAU7oh8x8bK,23,Female,79.22,Yes,65.15,No,germany
2246,TRUE,R_2ZDOJl9By5EpoIz,23,Male,100,Yes,85.25,No,germany
122,TRUE,R_2EzzVwCeBTomVl1,40,Female,75.07,Yes,80.7,No,germany
123,TRUE,R_Qj0wwLrvmDxk1EJ,23,Female,16.89,No,100,No,germany
277,TRUE,R_2V4m01e9vqv69B6,25,Female,60.86,Yes,70.24,No,germany
58,TRUE,R_3m4bZxHvKZgddtG,25,Female,61.53,No,51.61,No,germany
109,TRUE,R_3ineF96pNh0fxKp,25,Female,80.97,Yes,71.58,No,germany
2083,TRUE,R_2X6eLbIgx5IjBco,24,Male,75.34,Yes,97.59,No,germany
232,TRUE,R_2R2L5OHymPNhbEH,20,Female,89.14,Yes,75.07,No,germany
46622,FALSE,R_1GxLjATv0lrvk9l,22,Male,,,,,germany
202,TRUE,R_DOv5ZtLghZD0ipb,23,Female,25.34,No,49.87,No,germany
84,TRUE,R_QaorIG1FlsVBbvr,44,Male,80.29,Yes,100,No,germany
25,TRUE,R_2tLilGrF6ctav1C,44,Male,12.6,No,100,No,germany
103,TRUE,R_25T5xYRXiDvO4tg,22,Female,70.11,Yes,91.96,No,germany
167,TRUE,R_0MlQwYMSg46h0l3,26,Female,85.12,Yes,70.24,No,germany
2265,TRUE,R_3iDsmljitCrRgHh,28,Female,77.21,Yes,63.94,No,germany
177,TRUE,R_0oetnEIPDMe795L,22,Female,70.38,Yes,59.65,No,germany
187,TRUE,R_7UHZKsO8LDkmhUJ,25,Female,62.47,Yes,39.41,No,germany
284,TRUE,R_29c4Z44gSRsQRCX,30,Female,65.01,No,39.01,No,germany
230,TRUE,R_3lzCF1pKBrHca4J,25,Female,100,Yes,100,No,germany
44,FALSE,R_2CpHkFkjKxFt0II,,,,,,,germany
303,TRUE,R_1gGzxNNRsZHiWaW,27,Male,74.93,Yes,40.08,No,germany
237,TRUE,R_3fVJGrD3PONTiOs,27,Male,77.35,Yes,46.51,No,germany
143,TRUE,R_1pWGnRpNPh9Fzbx,27,Male,100,Yes,70.91,No,germany
18,FALSE,R_23WUP6vNSBJCqrf,,,,,,,germany
273,TRUE,R_1kLAZaYGDSUO0N2,26,Female,80.03,Yes,70.11,No,germany
140,TRUE,R_2aahnxemKilx7qX,22,Female,70.11,Yes,65.01,No,germany
104,TRUE,R_1EZN1txINPZeONQ,24,Female,40.48,Yes,27.75,No,germany
44,TRUE,R_3NKV4BkClyzQ6su,24,Female,30.56,Yes,40.88,No,germany
123,TRUE,R_2VPmrkLMwZd7Xc4,22,Female,79.49,Yes,100,No,germany
66,TRUE,R_XYPZh2j8MJLPpT3,24,Female,40.08,Yes,81.37,No,germany
595,TRUE,R_42yyWNpjIdN6MwN,26,Female,40.35,No,50.8,No,germany
40,TRUE,R_DrcGTyffGpE4Gzf,26,Female,60.32,Yes,70.11,Yes,germany
88,TRUE,R_21alrp6pwd1zQfa,28,Male,40.75,Yes,70.24,No,germany
109,TRUE,R_1eWYCm47Msp0Jpi,23,Female,83.38,Yes,78.95,No,germany
23,TRUE,R_ABcAnMgVrRtxes9,23,Female,73.73,Yes,87.27,Yes,germany
171,TRUE,R_3k4CAuAmO9sYeqB,23,Male,92.23,Yes,91.82,No,germany
105,TRUE,R_2wsgJ5dT4fN3nAs,35,Female,55.23,Yes,44.37,No,germany
57,TRUE,R_3D60yygPKVq90Lt,25,Male,24.93,No,64.88,No,germany
253,TRUE,R_u4Thxd3zNl0pTdn,26,Male,100,Yes,50,No,germany
149,TRUE,R_3q8xtV87p8ayI5C,27,Male,75.34,Yes,80.7,No,germany
340,TRUE,R_2fvW1PJSnENIJFN,38,Female,50,No,50,No,germany
257,TRUE,R_3NKzrcfswexGEAB,25,Male,50,No,81.08,No,germany
152,TRUE,R_3k20n2CQkkVsymv,35,Female,68.23,Yes,40.88,No,germany
197,TRUE,R_1GHq38LHo0YVew5,26,Female,84.99,Yes,100,No,germany
169,TRUE,R_2fvPKGGpUWK924O,24,Male,62.33,Yes,50,No,germany
189,TRUE,R_1rlhFfsNQFLb3As,30,Male,70.64,Yes,70.51,No,germany
362,TRUE,R_3n6Jsym5bHu7vyJ,30,Female,69.3,Yes,82.57,No,germany
214,TRUE,R_1do8cVojXjfskIW,26,Female,64.21,Yes,20.24,No,germany
358,TRUE,R_3jVXcrqeG5ELPTZ,26,Female,80.56,Yes,60.99,No,germany
99,TRUE,R_ThdLBWGt5z3mw8x,26,Female,100,Yes,53.49,Yes,germany
116,TRUE,R_3Pb2gvQb3xM8Yhs,25,Male,100,Yes,61.26,No,germany
26,TRUE,R_3e7SZQiN1PcDvaN,37,Male,58.71,No,27.75,No,germany
529,TRUE,R_3fZPi7PqYGSndiP,43,Female,83.51,Yes,80.29,No,germany
185,TRUE,R_3Gq8KUQdCRcMAA1,22,Female,87.4,Yes,98.12,No,germany
161,TRUE,R_3CITQJxfEKGXOuH,27,Male,19.44,Yes,49.33,No,germany
264,TRUE,R_325Q1jlIMINpEIP,24,Male,80.83,Yes,78.15,No,germany
125,TRUE,R_vwsMIoGCuJevz4B,24,Female,57.37,Yes,34.85,No,germany
462,TRUE,R_WCNi9TPpjdMhMYh,37,Female,75.07,Yes,90.08,No,germany
211,TRUE,R_3JmYshnvGULh8As,36,Male,70.56,Yes,100,No,germany
133,TRUE,R_3qyXm3duWJApKuF,22,Female,75.2,Yes,72.12,No,germany
162,TRUE,R_0pu7TJMBOrSn3tn,50,Female,70.64,Yes,61.53,No,germany
26,FALSE,R_1n8ZX2NA6UAxnh9,22,Female,,,,,germany
173,TRUE,R_1LHCX3aVKOUSmyU,24,Female,70.38,Yes,70.38,No,germany
131,TRUE,R_z5SpIWomMmVwYrD,25,Female,60.05,Yes,71.18,No,germany
367,TRUE,R_1FQH31xKfQX3XRc,25,Male,42.23,Yes,63.14,No,germany
109,TRUE,R_3QPZz0avSkB3h4m,29,Female,92.37,Yes,82.06,Yes,germany
227,TRUE,R_2tMuNCIUIQr8tbR,24,Male,84.99,Yes,65.15,No,germany
136,TRUE,R_1iet375igwzOHIT,20,Female,85.92,Yes,60.05,No,germany
369,TRUE,R_SNX6OMnsDnuiNTH,26,Female,66.89,Yes,99.87,No,germany
51,FALSE,R_1eRWPBue8Umec2z,23,Female,,,,,germany
85,TRUE,R_3RdSjiJQGLZceoz,24,Female,84.85,No,21.58,No,germany
66,TRUE,R_2b2ECjJQsHlvNdn,24,Female,90.62,Yes,70.91,No,germany
187,TRUE,R_10USQCOhnp6aby6,27,Prefer not to answer,100,Yes,100,No,germany
249,TRUE,R_1Kjwmmgm4DULaib,30,Male,85.52,Yes,95.04,No,germany
76,FALSE,R_1C9lugtNGtIwOYC,,,,,,,germany
998,TRUE,R_31p9BvZIzDxlBks,23,Male,81.21,Yes,81.21,No,germany
20,FALSE,R_2zo6tVaDxirXtYp,,,,,,,germany
100,FALSE,R_tJTZiiVMWxvG8X7,,,,,,,germany
16,FALSE,R_1P04H1xaMCpzpSb,24,Male,,,,,germany
383,FALSE,R_3R9lzCF7AX35t8i,28,Female,,,,,germany
86,TRUE,R_3PnTrQHo8wbls7G,22,Male,70.11,Yes,80.03,No,germany
931,TRUE,R_1JK32ElPoFwG0v4,24,Male,100,Yes,85.66,No,germany
212,TRUE,R_0PX4oculoQC0dwt,30,Female,65.28,Yes,70.64,No,germany
625,TRUE,R_pbD8VoDBUbRcgxz,23,Male,30.16,Yes,50,No,germany
199,TRUE,R_2s75ChsjftQcKX3,31,Female,54.29,Yes,35.52,No,germany
55,FALSE,R_25A49mPUwwD4if1,,,,,,,germany
13496,FALSE,R_1lADzyJtKT4Kq9w,,,,,,,germany
36,FALSE,R_1jlFr9qm6l5GWq2,,,,,,,germany
91,TRUE,R_2CWEHiKADY55eO7,47,Female,70.11,Yes,70.11,Yes,germany
108,TRUE,R_1drShqlscAfZogs,23,Female,61.39,Yes,60.19,No,germany
161,TRUE,R_1dAeNXFpV2Y7MvD,22,Female,60.05,Yes,58.58,No,germany
134,TRUE,R_1dgzNyQyyDe1upw,19,Female,100,Yes,100,No,germany
382,TRUE,R_22VNsw2kSszXJnK,23,Female,68.5,Yes,71.98,No,germany
156,TRUE,R_1IAUDuBCh2O6g9Q,22,Female,100,Yes,80.97,No,germany
275,TRUE,R_1rvGQ9WARuehREd,24,Female,100,Yes,100,Yes,germany
64,TRUE,R_3oNHJ7t9l7PwIK9,22,Male,77.91,Yes,80.6,No,germany
129,TRUE,R_8qX6wfKWmppwZeF,20,Female,89.68,Yes,91.12,No,germany
309,TRUE,R_2f2Nn0Yr0Q4j84k,23,Female,65.28,Yes,67.43,No,germany
103,TRUE,R_3J4AVLLFZLZllIi,22,Female,100,Yes,70.78,No,germany
340,TRUE,R_31dhhEysuxmu8g4,22,Female,75.87,Yes,88.2,Yes,germany
5108,TRUE,R_yEZ8l5EOpSTokF3,22,Female,33.38,No,70.11,No,germany
4600,TRUE,R_1rxlu5aPAdzYM8d,23,Female,90.08,Yes,80.56,No,germany
174,TRUE,R_29vxheKbRy33hvj,40,Male,80.97,Yes,81.5,No,germany
220,TRUE,R_1pDwzxpmirtVmA7,23,Female,80.03,Yes,80.03,Yes,germany
10337,TRUE,R_2eUTcUHFAOufpK7,35,Male,80.56,Yes,29.62,No,germany
293,TRUE,R_1ovddRCrQqCICIq,31,Female,95.17,Yes,82.57,No,germany
213,TRUE,R_1rdZbozqMd2ZL2k,21,Male,71.45,Yes,41.82,No,germany
107,TRUE,R_9t25ata6W4DWkLv,22,Female,91.42,Yes,81.23,No,germany
158,TRUE,R_1GwvnzxaZ33XVn5,28,Female,100,Yes,100,No,germany
178,TRUE,R_3PTa5qUUdTg3Btb,31,Male,64.88,Yes,89.54,No,germany
478,TRUE,R_3g8a9JbkHc8UwEw,23,Female,85.25,Yes,100,No,germany
439,TRUE,R_3GkcMao03g4Qi3E,26,Female,65.01,Yes,70.78,No,germany
71,TRUE,R_1JRClOPsrXqjbaT,22,Female,23.65,No,76.35,No,germany
391,TRUE,R_31RRpj9VwXhDnMX,67,Male,89.14,Yes,91.96,No,germany
120,TRUE,R_1mEQvHZClLezbb7,25,Female,95.5,Yes,94.21,No,germany
186,TRUE,R_2SxhJa0PwchnZ6A,22,Male,75,Yes,0,No,germany
526,TRUE,R_C7AKP3HnigsJagh,30,Female,75.47,Yes,50,No,germany
4057,TRUE,R_1EXwBd1DHXuW72i,25,Female,100,Yes,89.95,No,germany
26,TRUE,R_1hFoCm2o4x4VEFU,25,Female,100,Yes,92.49,No,germany
106,TRUE,R_1BOTc6PXKqw1kmd,21,Male,100,Yes,100,No,germany
181,TRUE,R_2abKN8yhENOgtnF,24,Female,80.03,Yes,100,No,germany
58,TRUE,R_3nDluRWtiVYGLSn,25,Female,33.78,No,61.13,No,germany
266,TRUE,R_Uc1JbPI4ohOgnU5,29,Male,61.93,Yes,75.2,No,germany
232,TRUE,R_24csFN2HlgOM1fg,25,Female,90.08,Yes,65.01,No,germany
169,TRUE,R_1QAiiawsiHjscea,31,Male,40.21,Yes,50.13,No,germany
91,TRUE,R_3HGoaSuSweXJPXt,40,Male,77.35,Yes,100,No,germany
64,TRUE,R_2e8MM3DNOeFfcu8,40,Male,100,Yes,100,Yes,germany
264,TRUE,R_1Ks9c9HnwayHPuD,26,Female,20.05,No,64.97,No,germany
746,TRUE,R_AO7vO0UqYOVBhkJ,21,Female,90.35,Yes,100,No,germany
5,FALSE,R_2AHEgWj4EkMQsrQ,,,,,,,germany
6,FALSE,R_2V3m4o4ZdkAxrDr,,,,,,,germany
126,FALSE,R_1Gwf0hzcoYfQ2rf,24,Female,,,,,germany
37,TRUE,R_DjEahyiY75qejwl,23,Male,59.76,No,47.96,No,germany
5,FALSE,R_2Vauaq2nERE7t9i,,,,,,,germany
194,TRUE,R_2agek8mZzwjOG3L,36,Female,38.92,No,60.27,No,germany
299,FALSE,R_2fvOroCpFl3UKfI,,,,,,,germany
5387,FALSE,R_3j98iv6akKvwKJv,36,Female,,,,,germany
32,FALSE,R_Uo1uIrmiclKPwdz,,,,,,,germany
4356,FALSE,R_wMgp9PzjXWSsva9,,,,,,,germany
183,TRUE,R_3qwH2r8YfxSDgs4,31,Male,80.16,Yes,80.56,No,germany
